S.no,Tiktoker name,Tiktok name,Subscribers,Views avg.,Likes avg.,Comments avg.,Shares avg.
1,0,0,13800000,6400000,2300000,50200,34200
2,0,0,149200000,17300000,2300000,15200,8700
3,0,0,2100000,17900000,845800,53900,6300
4,0,0,88700000,22000000,906600,7600,26200
5,0,0,4800000,14200000,1500000,14500,15300
6,0,0,7500000,12000000,2000000,20400,4200
7,0,0,55400000,13100000,1500000,14300,11900
8,0,0,5800000,16200000,2700000,4200,6900
9,0,0,3800000,11700000,1200000,19100,15200
10,0,0,42200000,13000000,1700000,17200,2100
11,0,0,146200000,15200000,959400,20800,4600
12,0,0,14500000,11400000,1500000,7200,11800
13,0,0,3900000,12400000,2200000,3600,6600
14,0,0,10300000,5700000,1300000,7900,27600
15,0,0,856300,6100000,1100000,16600,17700
16,0,0,4000000,10800000,680000,5700,22500
17,0,0,58100000,10400000,1500000,9100,3500
18,0,0,47000000,12300000,1900000,5500,2600
19,0,0,12700000,4300000,1100000,24800,14300
20,0,0,67200000,8800000,1200000,12100,4300
21,0,0,8700000,9300000,1900000,7300,2400
22,0,0,18100000,3800000,1100000,27400,9500
23,0,0,1100000,5100000,1400000,6600,13500
24,0,0,31200000,4500000,839600,13900,22200
25,0,0,1300000,4700000,864200,21900,8000
26,0,0,13000000,8500000,1700000,2200,6200
27,0,0,1300000,4900000,685900,30100,3300
28,0,0,285500,6400000,587600,12800,16300
29,0,0,6100000,12900000,789200,4500,6200
30,0,0,15500000,8100000,589200,17400,5400
31,0,0,25500000,14200000,1200000,3300,2600
32,0,0,3000000,6400000,760900,6100,14300
33,0,0,3300000,5200000,842200,12300,8500
34,0,0,4900000,6300000,1400000,2900,7100
35,0,0,31500000,6600000,962300,10000,3900
36,0,0,4500000,13800000,1000000,1800,4500
37,0,0,8000000,6900000,976200,8600,3700
38,0,0,6600000,9500000,1400000,3500,2700
39,0,0,12400000,9200000,1100000,6200,1800
40,0,0,23200000,7500000,992500,8500,1800
41,0,0,1100000,7900000,1300000,3800,3200
42,0,0,3000000,9000000,799500,8000,1600
43,0,0,2600000,8000000,616700,6400,7400
44,0,0,5000000,8199999.999999999,1200000,5000,2000
45,0,0,2200000,5500000,1400000,3800,4900
46,0,0,10300000,6000000,1000000,4400,6300
47,0,0,2900000,7000000,378500,1500,22500
48,0,0,36700000,9300000,1600000,2300,2000
49,0,0,1800000,3900000,685900,10100,13000
50,0,0,2600000,5000000,970100,6000,6000
51,0,0,493900,4400000,775200,9100,6700
52,0,0,27000000,5200000,816800,3800,8400
53,0,0,6400000,3900000,1100000,7000,4900
54,0,0,13600000,5200000,924300,5900,4000
55,0,0,1200000,4300000,192000,1800,55900
56,0,0,2900000,5400000,548200,7800,7700
57,0,0,1200000,6500000,603400,2000,9500
58,0,0,293300,2800000,665300,5700,18100
59,0,0,3100000,5100000,629300,5900,7200
60,0,0,27900000,12200000,1000000,1500,1700
61,0,0,3200000,3200000,812000,10900,4600
62,0,0,7200000,4300000,775300,7900,4100
63,0,0,64599.99999999999,5400000,804000,6900,1700
64,0,0,19000000,4800000,893300,3000,5600
65,0,0,43200000,5200000,804900,4200,4500
66,0,0,2300000,3800000,787700,2900,9000
67,0,0,23400000,7600000,870600,3100,1800
68,0,0,6300000,5100000,899500,3000,4000
69,0,0,489600,5700000,858800,3500,3100
70,0,0,6200000,5700000,903500,3200,2900
71,0,0,4900000,5100000,752500,1400,6700
72,0,0,35700000,6800000,1000000,2500,1900
73,0,0,4600000,5300000,774200,7000,462
74,0,0,12500000,5400000,570500,8700,1100
75,0,0,91400000,7400000,677300,4900,1100
76,0,0,2800000,3500000,572600,5200,9500
77,0,0,10200000,4400000,436100,3000,12200
78,0,0,26500000,7800000,840800,1600,2500
79,0,0,7300000,7000000,1300000,26,2900
80,0,0,21300000,5500000,802300,1600,4400
81,0,0,5100000,12000000,470200,1700,2900
82,0,0,46300000,5400000,936600,3400,1500
83,0,0,5300000,3100000,440500,2500,15700
84,0,0,11700000,4099999.9999999995,683500,5400,3200
85,0,0,960600,6500000,869100,1700,2400
86,0,0,144700,3500000,382400,8300,8900
87,0,0,29900000,4900000,802800,2200,3600
88,0,0,21900000,4500000,736700,2500,4200
89,0,0,8500000,4600000,874400,3500,2000
90,0,0,33600000,5000000,415300,3900,6600
91,0,0,1700000,4400000,521900,5500,4000
92,0,0,7300000,3800000,730800,6600,1200
93,0,0,1100000,3000000,325100,14400,7500
94,0,0,4500000,2200000,198600,1300,46000
95,0,0,4099999.9999999995,6700000,868100,2400,1200
96,0,0,14300000,4200000,528100,6900,2400
97,0,0,3600000,3400000,588500,4400,5800
98,0,0,10600000,5500000,733800,1500,3500
99,0,0,2500000,5400000,467800,1800,6300
100,0,0,6400000,4900000,660100,2700,3500
101,0,0,5400000,3000000,628400,1600,9000
102,0,0,77200,3700000,498400,5900,4400
103,0,0,1100000,2900000,230500,1200,27700
104,0,0,1500000,3400000,268000,9500,11200
105,0,0,44000,2400000,188100,1200,39600
106,0,0,4500000,4400000,419900,4100,5900
107,0,0,1900000,4700000,333200,4400,7300
108,0,0,21500000,7700000,477100,2000,2800
109,0,0,871700,3400000,854700,4100,2000
110,0,0,2800000,8100000,337400,1300,5100
111,0,0,13400000,4200000,337100,2400,10000
112,0,0,4000000,2800000,654200,7600,2000
113,0,0,9900000,6800000,625200,3000,1000
114,0,0,733400,1600000,350900,27000,2500
115,0,0,2100000,2700000,444700,5200,8500
116,0,0,2400000,3200000,428300,1300,10600
117,0,0,8900000,1900000,478800,14600,3800
118,0,0,4900000,3600000,603100,1900,5600
119,0,0,3600000,5500000,321600,1300,7900
120,0,0,10700000,3000000,450100,3800,8100
121,0,0,7900000,4500000,364900,6300,3100
122,0,0,35700000,5400000,610300,2500,2200
123,0,0,3800000,3000000,298100,7000,9900
124,0,0,2600000,4500000,565100,2500,3400
125,0,0,2500000,2900000,516200.00000000006,4000,6000
126,0,0,17400000,3500000,658800,3800,2800
127,0,0,30500000,4600000,751900,3500,799
128,0,0,8700000,3400000,934200,2600,1900
129,0,0,6600000,3500000,565300,3100,4100
130,0,0,124800,2200000,208700,1800,28300
131,0,0,6500000,2300000,508700,2700,8700
132,0,0,33800000,6400000,488100,2200,2100
133,0,0,3400000,3100000,756800,3900,1800
134,0,0,3400000,3200000,426300,3100,6300
135,0,0,1100000,3400000,298500,2800,9800
136,0,0,19400000,4200000,571700,3700,1700
137,0,0,23600000,5900000,678900,1900,1400
138,0,0,615700,3200000,183700,352,21300
139,0,0,7000000,7000000,249200,1200,6100
140,0,0,3300000,7700000,466300,2300,1200
141,0,0,681800,3700000,636000,3500,1800
142,0,0,26200000,4400000,440600,1700,4600
143,0,0,2500000,3400000,447500,3500,4400
144,0,0,14900000,3300000,487100,4600,2700
145,0,0,8600000,5400000,307500,5200,1900
146,0,0,5900000,3300000,643800,2200,3200
147,0,0,6000000,1900000,595100,5300,4900
148,0,0,73900,3500000,259600.00000000003,928,11800
149,0,0,15900000,4800000,976900,1400,1000
150,0,0,2200000,3300000,564700,3300,2800
151,0,0,15900000,4800000,976900,1400,1000
152,0,0,2200000,3300000,564700,3300,2800
153,0,0,1400000,2600000,396600,2700,8200
154,0,0,12700000,5500000,766100,1800,882
155,0,0,23600000,5700000,620800,1800,1300
156,0,0,6400000,2900000,445500,4600,4000
157,0,0,3400000,4800000,481900,3200,1400
158,0,0,22800000,5700000,848400,1200,1000
159,0,0,2200000,4200000,386900,3000,3600
160,0,0,5300000,2600000,325000,4800,7600
161,0,0,213600,7700000,471300,1600,1200
162,0,0,8400000,3900000,678600,2200,1700
163,0,0,42200,3100000,724400,1200,3400
164,0,0,2400000,2200000,417200,3900,7300
165,0,0,201500,2900000,346200,4800,5100
166,0,0,159300,3500000,347200,4400,3900
167,0,0,3500000,3500000,567200,841,4200
168,0,0,7700000,4500000,825600,1500,1100
169,0,0,24300000,4800000,612400,1300,2000
170,0,0,3800000,3400000,408900,443,6400
171,0,0,5000000,2300000,675900,2000,4100
172,0,0,695700,3600000,628500,1900,2100
173,0,0,369000,2200000,130199.99999999999,1000,30600
174,0,0,1600000,2300000,462700,2600,6100
175,0,0,2200000,4500000,288800,5400,1400
176,0,0,880700,3200000,129400,1200,20000
177,0,0,5100000,3800000,419600,2600,3000
178,0,0,3200000,3800000,552400,3400,764
179,0,0,8800000,4700000,720500,1600,960
180,0,0,44400000,3800000,489800,3600,1100
181,0,0,36200000,4800000,453100,2800,1100
182,0,0,4900000,2300000,559800,3800,2700
183,0,0,5700000,4900000,330900,1000,4100
184,0,0,1200000,2200000,251900,2200,12900
185,0,0,1600000,2700000,366400,3600,4500
186,0,0,44900000,4900000,574400,2000,813
187,0,0,1100000,3600000,496100,1800,2600
188,0,0,19400000,4000000,420500,2700,2000
189,0,0,10400000,3900000,573500,1300,2100
190,0,0,2900000,2300000,371100,1900,7000
191,0,0,6300,2900000,208200,2700,9900
192,0,0,4800000,2700000,518500,3600,1700
193,0,0,2400000,2400000,458100,1600,5200
194,0,0,5700000,4099999.9999999995,293400,3700,2600
195,0,0,1300000,2000000,444000,3100,5300
196,0,0,7700000,3700000,582200,2100,1300
197,0,0,33600000,4400000,492000,2600,786
198,0,0,3500000,2200000,492000,1900,4700
199,0,0,19500000,4200000,414100,2800,1300
200,0,0,4000000,5000000,492500,2200,708
201,0,0,14600000,4000000,457200,2700,1100
202,0,0,390500,3000000,376800,4300,1700
203,0,0,2700000,3100000,320800,1100,5600
204,0,0,3800000,3700000,667900,1400,1300
205,0,0,63800,4099999.9999999995,286400,2400,3200
206,0,0,14700000,4300000,302800,2800,2300
207,0,0,13900,2300000,522900,1200,4200
208,0,0,4900000,3600000,313500,4600,1100
209,0,0,4300000,1800000,414800,7000,1600
210,0,0,8700000,3500000,390700,2900,1800
211,0,0,808500,2800000,154500,3000,11800
212,0,0,17400000,3500000,287700,1000,5300
213,0,0,2200000,3600000,392900,2400,2100
214,0,0,3200000,2200000,394700,5300,1900
215,0,0,12700000,5400000,293700,3200,722
216,0,0,275700,13100000,299200,435,1200
217,0,0,486900,3800000,469400,1800,1700
218,0,0,5900000,4600000,648500,842,1300
219,0,0,25200000,3400000,327800,3600,1900
220,0,0,2900000,1600000,467100,3900,4400
221,0,0,14400000,2900000,599900,2000,1400
222,0,0,21600000,3000000,430300,3600,1000
223,0,0,36900000,4200000,356400,2900,1100
224,0,0,5800000,2000000,234700,1800,10800
225,0,0,2000000,3400000,492200,1600,1900
226,0,0,3200000,1600000,364000,3800,6600
227,0,0,3000000,2400000,355600,4100,2700
228,0,0,2400000,1700000,479400,5800,1300
229,0,0,1700000,3400000,131000,6900,6000
230,0,0,2800000,2000000,341900,5500,2900
231,0,0,6900000,2700000,192000,8600,2600
232,0,0,1800000,2500000,418300,1800,3800
233,0,0,11500000,3200000,539900,2500,755
234,0,0,3900000,3400000,200200,1200,6900
235,0,0,5300000,3500000,480500,1900,1400
236,0,0,10400000,3800000,400800,2400,1100
237,0,0,2400000,1400000,235800,4300,12300
238,0,0,5400000,2700000,340100,2300,3700
239,0,0,2700000,4099999.9999999995,346500,2400,1400
240,0,0,3300000,1600000,411500,3400,4700
241,0,0,23100000,4600000,317300,1400,2300
242,0,0,2000000,3500000,351400,2100,2300
243,0,0,187900,2100000,274900,1500,7600
244,0,0,22700000,4800000,497800,1500,711
245,0,0,5900,1500000,276600,2200,10800
246,0,0,12100000,5400000,444800,1400,799
247,0,0,7600000,3700000,368200,2600,1100
248,0,0,30700000,3300000,542400,2400,440
249,0,0,3300000,2500000,412100,4400,582
250,0,0,737800,2100000,232000,4900,5300
251,0,0,858300,2200000,317600,3000,4100
252,0,0,783500,2700000,355200,2900,2400
253,0,0,7800000,3600000,395700,1300,2100
254,0,0,12600000,3200000,346500,3300,1200
255,0,0,633900,2000000,251500,2600,7100
256,0,0,3500000,3100000,381700,1500,2600
257,0,0,10800000,3900000,529100,1400,948
258,0,0,17700000,3700000,355500,2600,1100
259,0,0,1500000,2600000,563300,2500,773
260,0,0,7700000,2000000,322100,6500,977
261,0,0,917600,2100000,475000,2900,1800
262,0,0,949400,2100000,573200,1800,2200
263,0,0,2600000,2600000,589400,1200,1900
264,0,0,2200000,3200000,196400,2300,5200
265,0,0,123500,4099999.9999999995,441500,1500,1100
266,0,0,19800,1800000,483500,3000,2300
267,0,0,6200000,1800000,171300,1500,13400
268,0,0,1600000,2000000,187100,9700,2400
269,0,0,1800000,3200000,370100,2400,1500
270,0,0,519299.99999999994,3600000,186100,1500,5200
271,0,0,21100000,3200000,441700,2700,523
272,0,0,5900000,3100000,397900,2300,1400
273,0,0,5500000,2100000,348200,4100,2000
274,0,0,9400000,4400000,184100,4800,712
275,0,0,6500000,2500000,442700,2300,1800
276,0,0,3500000,3500000,405700,1400,1800
277,0,0,24200000,3300000,521100,959,1600
278,0,0,280000,2200000,467500,1300,3000
279,0,0,1300000,2400000,209400,2100,6600
280,0,0,10100000,2800000,303500,3100,2000
281,0,0,472400,5100000,255200,659,2600
282,0,0,2900000,2000000,282000,810,6700
283,0,0,15100000,2200000,443700,2500,1900
284,0,0,3500000,8900000,471000,775,223
285,0,0,4000000,2900000,149600,2300,7400
286,0,0,1700000,3800000,429500,1300,1300
287,0,0,3200000,2100000,323100,2500,3800
288,0,0,2200000,4700000,447900,815,1200
289,0,0,1400000,3300000,333900,3200,583
290,0,0,8100000,1000000,344900,7600,3900
291,0,0,1600000,2000000,306400,4500,2300
292,0,0,686100,1400000,336800,1800,6600
293,0,0,5000000,2600000,336300,1400,3400
294,0,0,1500000,1400000,161500,696,17200
295,0,0,17300000,3900000,596400,654,1100
296,0,0,14400000,3500000,492100,1700,673
297,0,0,13500000,4099999.9999999995,608800,1000,605
298,0,0,3600000,3100000,189000,6600,303
299,0,0,3100000,2300000,270900,4900,1500
300,0,0,13500000,3100000,433300,1200,1700
301,0,0,16200000,3500000,275500,2500,1500
302,0,0,1600000,2000000,442000,3700,764
303,0,0,15400000,2000000,341800,4100,1500
304,0,0,839700,3000000,318200,1000,2900
305,0,0,3500000,1900000,323600,1000,5300
306,0,0,2700000,2500000,211200,1000,6100
307,0,0,13200000,2700000,523900,1800,836
308,0,0,8700,2000000,315300,1600,4400
309,0,0,4800000,1600000,339300,1600,5300
310,0,0,2700000,1600000,361200,5000,1300
311,0,0,23400000,3700000,168100,2700,3300
312,0,0,10700000,3000000,424900,1800,1000
313,0,0,28100000,2300000,228400,1100,6000
314,0,0,2200000,4700000,651900,653,532
315,0,0,4000000,1600000,222100,3300,6900
316,0,0,4400000,1600000,328200,1100,5800
317,0,0,3100000,2500000,371200,1300,2600
318,0,0,95800,2200000,433900,1500,2300
319,0,0,8900000,2600000,506000,2100,643
320,0,0,7500000,4000000,375800,2000,394
321,0,0,2200000,2200000,430600,2100,1800
322,0,0,9600000,2700000,363000,3400,318
323,0,0,13700000,4000000,534400,1000,642
324,0,0,2300000,2100000,300900,1600,3900
325,0,0,1400000,1900000,184900,1400,8700
326,0,0,3600000,6400000,474600,635,509
327,0,0,63600000,4600000,228400,2300,978
328,0,0,7300000,2900000,376900,2200,904
329,0,0,1300000,1900000,221300,1100,6900
330,0,0,2100000,3300000,490600,1500,554
331,0,0,14600000,1800000,136900,4800,8800
332,0,0,750400,3300000,127200,7600,354
333,0,0,499900,2400000,586500,998,1300
334,0,0,1800000,2000000,296100,3800,1800
335,0,0,550300,1800000,177300,8600,1800
336,0,0,2300000,2100000,292900,2000,3300
337,0,0,5300000,2200000,476100,1200,1900
338,0,0,4600000,3000000,276400,2600,1300
339,0,0,43500000,4200000,422000,1400,399
340,0,0,36500,4600000,670600,686,355
341,0,0,4099999.9999999995,1900000,156300,6300,4400
342,0,0,1300000,3300000,251800,1100,2700
343,0,0,3200000,2000000,217200,2300,5200
344,0,0,3100000,1600000,239400,5400,3000
345,0,0,2100000,2600000,273000,2100,2300
346,0,0,2900000,1900000,280400,4800,1000
347,0,0,1900000,2200000,340000,2000,2200
348,0,0,3700000,1900000,361000,2600,2000
349,0,0,6300000,2000000,294700,4800,467
350,0,0,8300000.000000001,2700000,388300,2200,712
351,0,0,691700,2800000,323000,955,2500
352,0,0,192800,3700000,304500,1500,1200
353,0,0,1200000,2100000,516799.99999999994,1400,1500
354,0,0,168200,2300000,313100,2500,1800
355,0,0,2200000,4000000,189900,1000,3100
356,0,0,3100000,2000000,348400,2500,1900
357,0,0,53100,1800000,321300,2700,2600
358,0,0,1600000,3100000,495300,844,1200
359,0,0,3700000,1900000,218200,1200,6100
360,0,0,56000,2900000,78800,2700,10600
361,0,0,13100000,4099999.9999999995,283400,1200,1400
362,0,0,7600000,1900000,247500,4400,2000
363,0,0,3300000,3100000,254000,2300,1500
364,0,0,2300000,1900000,338300,2700,2100
365,0,0,7200000,2000000,396500,2100,1800
366,0,0,11200000,1900000,486500,2600,563
367,0,0,5200000,1900000,291900,3900,1400
368,0,0,98600,1400000,401700,1300,3900
369,0,0,5900000,2100000,321700,1700,2600
370,0,0,5600000,1800000,296600,4400,1000
371,0,0,2800000,2200000,237100,842,4700
372,0,0,12800000,3200000,282600,1200,2000
373,0,0,2000000,1600000,381600,1500,3400
374,0,0,3700000,4400000,365500,1300,493
375,0,0,103400,1900000,155400,2200,7400
376,0,0,872400,2200000,80500,1700,14200
377,0,0,2700000,1500000,213400,1400,7400
378,0,0,2300000,1800000,340900,2800,1700
379,0,0,354500,815500,214000,5400,10600
380,0,0,3700000,2900000,235900,2800,1200
381,0,0,11800000,3500000,473900,988,662
382,0,0,161200,1200000,129699.99999999999,12700,4800
383,0,0,3800000,2900000,190100,2700,2300
384,0,0,5700000,2500000,396200,1800,934
385,0,0,7300000,2300000,413300,1100,1700
386,0,0,2900000,1900000,250800,4900,764
387,0,0,4800000,2700000,295200,1400,2000
388,0,0,3700000,2800000,335100,1000,1800
389,0,0,1300000,2300000,188300,2200,4100
390,0,0,6900000,2900000,340000,1100,1600
391,0,0,4900000,3400000,558800,568,825
392,0,0,3300000,3000000,285200,773,2400
393,0,0,6100000,1300000,139300,370,14200
394,0,0,52400,1000000,179300,3300,10900
395,0,0,17900000,1300000,325500,3700,2500
396,0,0,2300000,2300000,369300,1800,1200
397,0,0,14500000,3400000,274400,2600,294
398,0,0,690200,2600000,239800,4000,205
399,0,0,4200000,1900000,412500,2000,1300
400,0,0,614300,2400000,166200,1200,5400
401,0,0,6200000,3200000,498000,1100,538
402,0,0,172700,2300000,91500,1100,11100
403,0,0,4500000,5600000,547400,507,330
404,0,0,34100000,3000000,410900,1200,961
405,0,0,4500000,2600000,393300,1900,546
406,0,0,8800000,1500000,194200,755,8300
407,0,0,12700000,3400000,450000,1300,379
408,0,0,4500000,2400000,262900,3300,830
409,0,0,2300000,3700000,460400,1100,334
410,0,0,6800000,1500000,229600,1900,5400
411,0,0,25600000,2700000,354000,1900,737
412,0,0,1100000,1800000,188500,463,7000
413,0,0,1200000,1700000,225600,4700,1900
414,0,0,7200000,2900000,239200,1500,2100
415,0,0,372600,2200000,67700,1100,15700
416,0,0,795000,1800000,314000,2000,2400
417,0,0,661400,2100000,169400,3100,3900
418,0,0,12200000,2100000,277200,2300,2000
419,0,0,1300000,2200000,190200,3400,2600
420,0,0,9800000,3500000,342600,1200,845
421,0,0,198700,4000000,113200,3100,2400
422,0,0,295200,1500000,296700,2000,3600
423,0,0,5200000,5400000,360600,626,619
424,0,0,1600000,1300000,265600,3200,3800
425,0,0,18500000,2500000,398200,1800,645
426,0,0,731300,2200000,396700,288,2500
427,0,0,17900000,5000000,376200,478,813
428,0,0,7700000,4099999.9999999995,240400,1600,823
429,0,0,9700000,1700000,314600,3000,1600
430,0,0,803500,3700000,281500,2000,302
431,0,0,5700000,1800000,279500,2800,2100
432,0,0,832300,1900000,316900,1600,2500
433,0,0,4099999.9999999995,1500000,295900,1200,4400
434,0,0,2400000,1600000,387600,2900,910
435,0,0,1500000,3200000,162000,1300,3200
436,0,0,4900000,3300000,191000,3500,227
437,0,0,33200000.000000004,3100000,358500,1500,684
438,0,0,3800000,3900000,541900,801,318
439,0,0,4500000,2100000,336600,710,2600
440,0,0,40400,2800000,189800,2400,1900
441,0,0,2500000,2100000,313500,1200,2300
442,0,0,67600,2200000,149100,7100,122
443,0,0,8900000,4600000,434000,772,377
444,0,0,312400,1500000,369800,836,3300
445,0,0,3400000,2000000,327800,884,2700
446,0,0,543800,2200000,293300,2800,718
447,0,0,731300,2100000,271200,2600,1300
448,0,0,5800000,3700000,369700,1000,590
449,0,0,2600000,2000000,268200,2000,2200
450,0,0,13800000,3700000,400700,917,581
451,0,0,1200000,1300000,165700,1700,8600
452,0,0,1900000,1900000,136800,5800,2600
453,0,0,16800,1200000,294600,1300,5100
454,0,0,905600,2900000,195100,2000,1800
455,0,0,1500000,1100000,304200,2000,4500
456,0,0,14800000,2200000,277300,1300,2300
457,0,0,10400000,2000000,137000,6200,1700
458,0,0,1500000,3800000,447500,964,300
459,0,0,2500000,1800000,254400,2900,1800
460,0,0,10500000,2000000,364900,1800,1100
461,0,0,7900000,2200000,305500,1700,1400
462,0,0,1700000,2600000,223900,1600,2000
463,0,0,5300000,2900000,277100,977,1600
464,0,0,341300,2000000,283200,1200,2400
465,0,0,9800000,2500000,178600,4400,178
466,0,0,8100000,2600000,272600,802,2200
467,0,0,8199999.999999999,1700000,354400,2300,1100
468,0,0,709700,872900,137900,4400,12600
469,0,0,1400000,4300000,246700,460,1500
470,0,0,1900000,3900000,162300,1100,2100
471,0,0,643300,2100000,77000,0,12600
472,0,0,1700000,2800000,268000,1200,1500
473,0,0,23200000,2800000,320700,1400,867
474,0,0,8800000,2700000,390700,936,982
475,0,0,2600000,2100000,198800,1500,3300
476,0,0,7000000,2600000,466200,370,1300
477,0,0,41600000,2000000,254500,3500,413
478,0,0,377900,1600000,283300,1500,2800
479,0,0,1400000,2400000,199000,410,3700
480,0,0,3700000,1300000,241000,1300,4900
481,0,0,3700000,2500000,458400,792,923
482,0,0,23900000,5200000,361900,787,245
483,0,0,12200000,3200000,167700,709,2800
484,0,0,1200000,1600000,257399.99999999997,2700,2100
485,0,0,17200000,1600000,299700,2800,1300
486,0,0,13500000,2200000,320300,2300,411
487,0,0,3100000,1000000,227600,1200,6700
488,0,0,19000000,2000000,324800,1900,937
489,0,0,4300000,2500000,398000,1500,407
490,0,0,5900000,1900000,319600,646,2500
491,0,0,8500000,4000000,444900,894,147
492,0,0,5700000,1400000,296000,1500,2900
493,0,0,1000000,2000000,272800,790,2700
494,0,0,4700000,3700000,225300,723,1500
495,0,0,4099999.9999999995,3600000,434900,845,334
496,0,0,6300000,1900000,186000,4900,369
497,0,0,3900000,2400000,219900,1300,2200
498,0,0,54600000,3100000,358700,879,761
499,0,0,9700000,3100000,322000,956,867
500,0,0,5300000,1400000,226200,2500,3500
501,0,0,15500000,2400000,419800,992,809
502,0,0,17200000,2600000,306500,998,1300
503,0,0,8100000,1700000,173500,2100,4000
504,0,0,635700,1200000,219600,1400,5300
505,0,0,3100000,1400000,217200,3500,2300
506,0,0,246200,2000000,196300,4300,237
507,0,0,2800000,1100000,224200,5200,2100
508,0,0,1700000,2000000,349600,2000,572
509,0,0,20100000,2500000,469400,1100,377
510,0,0,9900000,2000000,220900,341,3700
511,0,0,3400000,1300000,253000,2000,3400
512,0,0,11300000,2300000,317800,2200,172
513,0,0,16900000,2400000,266300,915,1800
514,0,0,5200000,2400000,424700,1300,375
515,0,0,390000,2100000,311800,1100,1600
516,0,0,728200,1400000,289100,2100,2300
517,0,0,2100000,1500000,341000,1600,1700
518,0,0,22900000,1500000,156100,927,6300
519,0,0,8100000,4500000,212300,1300,522
520,0,0,2400000,1500000,183000,722,5500
521,0,0,1100000,2400000,486900,783,665
522,0,0,11700000,6300000,212200,684,578
523,0,0,4000000,2200000,312200,1400,1000
524,0,0,2100000,1500000,313600,1300,2200
525,0,0,7100000,3100000,358700,539,971
526,0,0,5300000,2400000,377900,1400,451
527,0,0,5100000,1700000,320800,1000,2100
528,0,0,3000000,2900000,184800,1900,1200
529,0,0,2500000,1900000,354300,1200,1400
530,0,0,1200000,1100000,192300,1800,6000
531,0,0,8200,1300000,159300,4900,3300
532,0,0,4000000,1800000,332600,1100,1700
533,0,0,7800000,903600,145100,1700,10800
534,0,0,7200000,3500000,295700,936,647
535,0,0,417400,2000000,201700,1600,2500
536,0,0,1500000,3000000,204200,1100,1600
537,0,0,5100000,3300000,293700,1400,300
538,0,0,26300000,2000000,351200,2000,364
539,0,0,2300000,4700000,214700,762,847
540,0,0,10000000,1900000,441400,768,1200
541,0,0,7200000,1600000,123300,2500,6000
542,0,0,1300000,2600000,309200,1100,851
543,0,0,16600000.000000002,3500000,248600,1000,826
544,0,0,1900000,1800000,348300,1000,1600
545,0,0,1000000,1700000,337100,1300,1500
546,0,0,18100000,2200000,242900,2400,562
547,0,0,1100000,2600000,187500,1600,1700
548,0,0,7200000,2300000,224500,620,2400
549,0,0,1200000,1500000,247100,2000,2300
550,0,0,131300,1700000,98800,353,8900
551,0,0,11100000,3000000,349900,919,581
552,0,0,8400000,1500000,315400,1500,1800
553,0,0,17400,3000000,175900,1600,1300
554,0,0,2100000,2800000,66800,2000,6200
555,0,0,6800000,1700000,160400,2500,3100
556,0,0,4300000,1400000,366500,1300,1700
557,0,0,69100,3100000,225200,768,1400
558,0,0,1300000,3300000,143500,923,2300
559,0,0,705000,1200000,372600,2800,639
560,0,0,597900,1800000,385500,685,1500
561,0,0,342600,1600000,240000,2900,973
562,0,0,720300,1600000,143500,188,6300
563,0,0,11400000,1600000,231000,2900,1100
564,0,0,3600000,1800000,186900,4100,329
565,0,0,83600,1900000,145200,1100,4400
566,0,0,3000000,3000000,112600,1400,2900
567,0,0,1900000,1900000,315100,826,1600
568,0,0,4400000,1700000,329500,1500,1200
569,0,0,6300000,2300000,234800,2100,667
570,0,0,1100000,1900000,288900,1400,1300
571,0,0,4500000,2200000,162700,1600,2500
572,0,0,1100000,2100000,125400,411,5100
573,0,0,1100000,2100000,185100,3000,694
574,0,0,11500000,2100000,204700,2900,491
575,0,0,1700000,2900000,287800,421,1300
576,0,0,9100000,1500000,189900,3400,1600
577,0,0,623200,1800000,151300,793,4400
578,0,0,67900,1400000,85600,2700,9400
579,0,0,2200000,1400000,190800,2600,2800
580,0,0,2100000,2900000,293000,1400,240
581,0,0,563500,1500000,43700,380,21100
582,0,0,5400000,1600000,249800,856,2700
583,0,0,5000000,1400000,205800,2000,2800
584,0,0,3100000,3100000,328400,864,533
585,0,0,72200,926400,151600,2000,8000
586,0,0,4800000,1200000,86300,963,12400
587,0,0,1100000,1500000,165800,4700,993
588,0,0,53000000,6800000,186900,887,194
589,0,0,1300000,1600000,190500,2000,2600
590,0,0,1300000,1400000,170300,891,4900
591,0,0,3100000,1100000,137300,4800,4300
592,0,0,16000000,2300000,293500,823,1200
593,0,0,560300,1600000,432800,1400,610
594,0,0,4099999.9999999995,3400000,187800,1700,446
595,0,0,3500000,1700000,259600.00000000003,1800,1300
596,0,0,2900000,2000000,307800,1600,709
597,0,0,28800000,2400000,275900,567,1500
598,0,0,6000000,1700000,374900,1400,751
599,0,0,30100000,2800000,351900,1100,258
600,0,0,1500000,2100000,458400,587,807
601,0,0,2300000,2000000,292400,974,1300
602,0,0,293500,796600,218300,2000,5700
603,0,0,2800000,1400000,164400,828,5000
604,0,0,3200000,1800000,221800,1300,2000
605,0,0,569200,1200000,134100,5300,2700
606,0,0,14700000,3500000,391900,777,188
607,0,0,4800000,2000000,253500,1900,735
608,0,0,6500000,2600000,241700,1600,505
609,0,0,4400000,2200000,229400,612,2000
610,0,0,34400000,2600000,158900,1900,1200
611,0,0,97000,1700000,75600,1500,8700
612,0,0,13400000,2200000,311900,1800,130
613,0,0,18500000,4300000,213300,412,1000
614,0,0,592400,1800000,307700,1900,507
615,0,0,2000000,3600000,360200,230,775
616,0,0,1300000,3000000,178100,1400,1100
617,0,0,7000000,2600000,184400,952,1800
618,0,0,10400000,1900000,358600,652,1300
619,0,0,2200000,1800000,209700,3000,429
620,0,0,978000,1000000,280400,1800,2700
621,0,0,405800,2000000,184600,1400,2100
622,0,0,89800,2300000,149900,2200,1500
623,0,0,6800000,978000,264500,833,4100
624,0,0,508100,3800000,279000,282,925
625,0,0,1900000,1200000,176400,4300,1700
626,0,0,1200000,1900000,252300,1600,1100
627,0,0,295600,957700,228100,1900,3800
628,0,0,647300,2300000,162300,2500,787
629,0,0,3300000,1700000,231800,2700,444
630,0,0,995200,1100000,162300,4400,2500
631,0,0,57400000,2400000,220500,1900,424
632,0,0,7000000,1500000,329600,2000,496
633,0,0,5800000,1800000,277700,1500,1000
634,0,0,310600,1900000,48800,208,12900
635,0,0,2200000,1300000,261899.99999999997,701,3000
636,0,0,4400000,1700000,359300,1800,279
637,0,0,1300000,1500000,204700,1100,3000
638,0,0,9500000,2500000,273600,1400,353
639,0,0,4600000,1900000,284800,1300,996
640,0,0,194400,2300000,188600,922,1900
641,0,0,7400000,2400000,266700,1500,341
642,0,0,1500000,2000000,370200,739,927
643,0,0,10400000,1900000,158400,3600,543
644,0,0,1800000,1900000,138200,691,3900
645,0,0,36600,1200000,174300,1100,4600
646,0,0,3300000,3500000,187200,1400,386
647,0,0,14600000,2100000,164200,1600,1900
648,0,0,1400000,3600000,216200,285,1300
649,0,666,285700,924500,153300,422,7900
650,0,0,20100000,2100000,441500,899,372
651,0,0,457700,1000000,264300,1700,2700
652,0,0,4400000,1400000,283100,2500,477
653,0,0,4200000,2400000,313700,474,1100
654,0,0,981500,1400000,329000,1100,1400
655,0,0,688400,2300000,107900,977,3800
656,0,0,3700000,1600000,230700,1000,2200
657,0,0,1400000,1700000,190600,2100,1400
658,0,0,22600000,2700000,185900,1900,403
659,0,0,14000000,2200000,347100,1200,283
660,0,0,2400000,2900000,313700,842,416
661,0,0,12800000,1900000,176000,1400,2000
662,0,0,13300000,3000000,392200,825,141
663,0,0,4700000,1500000,231100,2400,924
664,0,0,4200000,997600,250300,1400,3200
665,0,0,2400000,2600000,399400,709,383
666,0,0,828600,1300000,327900,1100,1500
667,0,0,2100000,3700000,112600,639,2100
668,0,0,2900000,1900000,132400,2300,2300
669,0,0,1000000,1500000,78900,478,9400
670,0,0,2500000,3100000,243200,1200,341
671,0,0,4500000,1500000,120100,250,6000
672,0,0,952000,2800000,136900,2300,717
673,0,0,274100,1700000,226100,1100,1800
674,0,0,1100000,2300000,142700,1100,2300
675,0,0,2800000,1400000,144500,397,5100
676,0,0,19800000,1800000,293300,1800,379
677,0,0,1700000,1100000,128900,2000,5900
678,0,0,1500000,1000000,213900,1900,3300
679,0,0,2000000,1700000,248500,1200,1400
680,0,0,5900000,2000000,284600,701,1300
681,0,0,4099999.9999999995,1100000,186400,935,4500
682,0,0,6000000,2400000,286100,1400,226
683,0,0,1700000,1100000,210300,1300,3300
684,0,0,2600000,1900000,228500,1900,603
685,0,0,5700000,2200000,184000,964,1800
686,0,0,12500000,2300000,362200,1100,203
687,0,0,986800,1300000,160700,3300,1900
688,0,0,5700000,1400000,177700,2600,1800
689,0,0,58400,1800000,307100,819,1200
690,0,0,1700000,1500000,261399.99999999997,1300,1600
691,0,0,1100000,2800000,190500,760,1300
692,0,0,17900000,1200000,224400,2700,1300
693,0,0,1100000,937100,141900,7300,792
694,0,0,2700000,3100000,136000,1100,1500
695,0,0,1200000,2400000,226200,544,1500
696,0,0,720400,1100000,111400,3800,4900
697,0,0,8500000,1400000,189000,1000,3000
698,0,0,326600,786500,184400,2500,4900
699,0,0,40100000,2500000,203700,1900,163
700,0,0,200400,1400000,235400,1400,1800
701,0,0,1800000,1700000,78200,315,7800
702,0,0,2200000,2000000,204500,1400,1200
703,0,0,1000000,1700000,95400,951,5400
704,0,0,3500000,878300,62400,295,18800
705,0,0,1400000,3700000,185100,670,841
706,0,0,6400000,2000000,323800,775,863
707,0,0,5200000,2000000,289700,1300,575
708,0,0,571500,3100000,144400,1700,630
709,0,0,1700000,2200000,202600,1400,880
710,0,0,10100000,2200000,305300,749,777
711,0,0,5800000,1300000,229000,1400,2000
712,0,0,1400000,959500,229600,2800,1900
713,0,0,684500,2300000,177200,1800,716
714,0,0,1800000,969200,233900,1000,3500
715,0,0,470500,1600000,237200,1100,1600
716,0,0,6000000,1500000,330100,1300,785
717,0,0,4200000,3100000,227000,799,642
718,0,0,8700000,2800000,355600,816,222
719,0,0,2100000,2500000,96000,2700,1700
720,0,0,3300000,3100000,274100,518,694
721,0,0,5100000,1600000,210400,883,2100
722,0,0,1500000,951400,235200,962,3500
723,0,0,868700,923100,194600,2400,3200
724,0,0,1000000,1400000,186000,1400,2500
725,0,0,5300000,2100000,251200,621,1300
726,0,0,952700,1600000,257200,1800,588
727,0,0,736300,4000000,192200,1100,231
728,0,0,5400000,1600000,289600,778,1400
729,0,0,222400,1200000,170000,3900,946
730,0,0,5700000,2000000,238000,1000,1100
731,0,0,2700000,1300000,254100,1100,1900
732,0,0,7800000,1300000,265400,1800,1200
733,0,0,1100000,1100000,320300,1900,1000
734,0,0,9000000,2300000,226700,1300,626
735,0,0,31700000,1900000,220000,1700,646
736,0,0,7900000,2200000,433500,809,225
737,0,0,3600000,2100000,412800,774,361
738,0,0,5300000,1700000,240800,2200,322
739,0,0,2400000,2500000,243900,1400,220
740,0,0,1500000,2000000,71200,1100,6000
741,0,0,3500000,2900000,207400,477,1100
742,0,0,1100000,1500000,221300,1400,1500
743,0,0,1600000,2200000,172500,1400,1100
744,0,0,4800000,2100000,226100,1900,225
745,0,0,1000000,2000000,144000,1600,1800
746,0,0,786700,1200000,111500,876,6200
747,0,0,7200000,1700000,288900,679,1300
748,0,0,1200000,1700000,137500,1900,2300
749,0,0,3900000,2100000,313400,1200,292
750,0,0,1400000,1300000,94400,96,7700
751,0,0,8800000,2000000,311100,967,567
752,0,0,2700000,2100000,355100,853,423
753,0,0,767900,1100000,135100,231,6200
754,0,0,9300000,2200000,252900,1100,610
755,0,0,1200000,1000000,208100,1100,3200
756,0,0,1500000,1400000,253400,349,2300
757,0,0,5600000,2500000,185700,1500,598
758,0,0,15700000,2600000,221600,1200,452
759,0,0,17000000,1600000,200500,1100,1800
760,0,0,806200,943600,290600,1400,2000
761,0,0,419500,1800000,119100,2700,1800
762,0,0,400700,1400000,273500,1200,1300
763,0,0,1500000,1000000,156800,2700,3200
764,0,0,5700000,1300000,142400,1800,3200
765,0,0,12200000,2400000,271000,893,526
766,0,0,1000000,1100000,134300,1000,5100
767,0,0,2100000,2000000,306000,724,779
768,0,0,4099999.9999999995,2800000,243100,881,470
769,0,0,28600000,2300000,242700,764,878
770,0,0,13600000,2700000,422500,562,240
771,0,0,1400000,1500000,99500,333,6000
772,0,0,480500,1500000,229900,1500,1100
773,0,0,79300,944300,37700,710,25000
774,0,0,18600000,1900000,191800,1800,648
775,0,0,16700000,1500000,156400,2300,1600
776,0,0,8100000,2400000,265200,829,624
777,0,0,5100,943300,189600,1900,3100
778,0,0,2300000,1700000,301700,908,895
779,0,0,2100000,1300000,114100,1800,4300
780,0,0,2700000,2100000,156400,613,2100
781,0,0,11300000,2100000,160500,1400,1300
782,0,0,4000000,1800000,332500,890,642
783,0,0,925000,2300000,175000,558,1700
784,0,0,52400,621400,112500,1300,11400
785,0,0,522900,926900,206500,597,4000
786,0,0,2700000,1600000,191800,2100,783
787,0,0,1600000,1000000,205200,2200,2100
788,0,0,1300000,1900000,125100,1400,2400
789,0,0,4900000,2600000,164000,1300,751
790,0,0,1800000,1400000,262100.00000000003,1100,1200
791,0,0,55100,4400000,216100,680,244
792,0,0,395400,2300000,99500,1100,2800
793,0,0,14800000,1900000,322500,1100,291
794,0,0,2500000,856400,239000,1100,3200
795,0,0,14300000,2800000,263200,1100,103
796,0,0,16300000,2200000,221600,1100,681
797,0,0,15900000,3000000,131100,1900,376
798,0,0,12100000,1900000,182100,690,1800
799,0,0,13400000,2300000,364900,779,252
800,0,0,1400000,2100000,132800,1400,1700
801,0,0,132100,1300000,44000,849,14800
802,0,0,10900000,3200000,260399.99999999997,864,167
803,0,0,1300000,2000000,190900,1800,432
804,0,0,18800000,2200000,322500,952,270
805,0,0,1800000,2900000,277700,451,619
806,0,0,999100,1600000,197900,1700,945
807,0,0,3300000,1600000,329700,1100,525
808,0,0,4300000,3500000,172600,997,400
809,0,0,4600000,2900000,216500,1100,268
810,0,0,2300000,1500000,337700,1100,581
811,0,0,1900000,2400000,185600,1000,868
812,0,0,1400000,1100000,208300,2300,1300
813,0,0,4099999.9999999995,1400000,192900,613,2600
814,0,0,356200,853500,65500,1500,13400
815,0,0,250000,800400,235700,1200,3200
816,0,0,12000000,2600000,372800,417,442
817,0,0,1800000,1600000,100000,986,4200
818,0,0,4600000,1100000,137100,4700,626
819,0,0,834600,1400000,237600,1800,688
820,0,0,2600000,1600000,312600,934,765
821,0,0,1600000,1600000,241400,476,1600
822,0,0,1600000,1600000,335300,359,1200
823,0,0,2600000,1900000,170400,2000,579
824,0,0,3900000,1800000,239700,837,1100
825,0,0,3300000,4900000,189600,577,300
826,0,0,1300000,1100000,233100,1200,2000
827,0,0,6100000,1600000,259800,868,1100
828,0,0,5800000,1400000,224100,681,1900
829,0,0,9500000,1600000,196500,476,2100
830,0,0,9500000,1400000,295700,1000,922
831,0,0,6400000,1800000,190800,812,1500
832,0,0,17100000,3500000,122500,1100,765
833,0,0,2800000,1100000,245900,2400,661
834,0,0,1500000,911900,194800,1700,2700
835,0,0,18200000,1600000,237400,1600,503
836,0,0,202600,1600000,155500,1800,1400
837,0,0,76500,1100000,141100,574,4400
838,0,0,8900000,1000000,169200,4200,481
839,0,0,5500000,1500000,75900,738,6200
840,0,0,851500,1200000,211300,2600,617
841,0,0,1600000,1400000,152800,532,3300
842,0,0,2200000,896700,152800,899,4800
843,0,0,7400000,2100000,234500,1200,412
844,0,0,1900000,1900000,287700,856,571
845,0,0,372700,894100,108700,456,7600
846,0,0,7100000,1300000,107800,3500,2300
847,0,0,3200000,2000000,234200,1400,274
848,0,0,1300000,1900000,198600,639,1400
849,0,0,5300000,1200000,235900,845,1900
850,0,0,4900000,2100000,273100,622,720
851,0,0,4000000,1600000,216200,1600,659
852,0,0,1900000,1800000,92700,2300,2500
853,0,0,7200000,1100000,151500,2900,1700
854,0,0,3800000,1500000,219300,1300,982
855,0,0,10000000,1200000,239100,2200,432
856,0,0,8600000,1300000,245400,1900,535
857,0,0,980500,2500000,300400,672,341
858,0,0,1700000,1800000,113900,1000,2800
859,0,0,329900,1600000,326800,611,886
860,0,0,752500,1200000,88400,371,6700
861,0,0,68200,730300,179200,3900,1900
862,0,0,1300000,971200,135000,552,5200
863,0,0,358300,1700000,120100,2400,1300
864,0,0,2800000,2900000,158900,1000,630
865,0,0,8400000,1800000,212200,1500,470
866,0,0,631900,600100,150900,1400,6800
867,0,0,4000000,2100000,219600,695,924
868,0,0,6600000,1200000,257600.00000000003,2100,336
869,0,0,3700000,1400000,188200,1900,962
870,0,0,1900000,1200000,147800,3200,986
871,0,0,215600,1500000,204100,1200,1300
872,0,0,6600000,1800000,292100,1200,247
873,0,0,11600000,752900,96300,1400,8800
874,0,0,13900000,1600000,182600,449,2200
875,0,0,3800000,2200000,185600,820,990
876,0,0,56700,754300,192500,1700,3300
877,0,0,5800000,1600000,242300,1600,306
878,0,0,12300000,1700000,248500,972,760
879,0,0,3900000,3100000,123900,974,930
880,0,0,8300000.000000001,1700000,277300,1400,128
881,0,0,6000000,1000000,235100,2100,1000
882,0,0,12500000,1600000,166500,285,2500
883,0,0,455300,1100000,17600,5800,31900
884,0,0,34100,888800,181600,3400,1100
885,0,0,4300000,930600,109500,784,6300
886,0,0,26000000,1600000,246700,1200,625
887,0,0,4400000,830500,216900,2200,1800
888,0,0,1600000,1200000,144700,2700,1500
889,0,0,2500000,1300000,109600,896,4300
890,0,0,8100000,1300000,152800,3500,92
891,0,0,6600000,2700000,185700,594,860
892,0,0,2100000,2100000,158900,845,1300
893,0,0,958100,2000000,206900,1200,504
894,0,0,907400,2200000,150100,907,1200
895,0,0,8900000,1300000,231200,1200,1200
896,0,0,12100000,1200000,197800,1800,1200
897,0,0,1300000,1300000,189300,530,2500
898,0,0,394200,1100000,182200,879,2600
899,0,0,199900,1000000,161900,840,3400
900,0,0,6300000,2400000,263500,752,362
901,0,0,31700000,1900000,260399.99999999997,1200,218
902,0,0,6900000,2500000,237000,630,558
903,0,0,2300000,2800000,260600.00000000003,796,185
904,0,0,2800000,1300000,241800,1400,821
905,0,0,2900000,1100000,115300,2300,3200
906,0,0,8700000,2100000,187400,989,779
907,0,0,73000,2300000,69700,2600,1700
908,0,0,1800000,1300000,270600,681,1300
909,0,0,20600,1300000,172500,1100,2100
910,0,0,16100000.000000002,2000000,345500,293,726
911,0,0,2200000,2300000,271400,779,318
912,0,0,8500000,1500000,147900,2300,878
913,0,0,3300000,1600000,262900,601,1100
914,0,0,167000,1100000,268100,1100,1200
915,0,0,3600000,2000000,127800,2400,353
916,0,0,32200000.000000004,2000000,147900,1800,529
917,0,0,153500,1000000,162500,2900,1100
918,0,0,5000000,1500000,123200,973,2700
919,0,0,2300000,2500000,267800,689,319
920,0,0,127300,746100,119800,824,6700
921,0,0,135900,1500000,138300,2700,632
922,0,0,793100,1300000,188300,539,2200
923,0,0,63200,1000000,178200,2300,1400
924,0,0,16700000,2300000,327400,469,416
925,0,0,6400000,1100000,203900,1100,1900
926,0,0,2400000,991700,224500,889,2100
927,0,0,2000000,2300000,274500,566,486
928,0,0,1900000,2700000,98700,1200,1300
929,0,0,121600,1600000,156400,2000,729
930,0,0,1700000,907700,164400,1900,2500
931,0,0,8000000,873000,171300,1900,2400
932,0,0,75900,863000,34500,629,21300
933,0,0,8100000,1800000,368000,559,424
934,0,0,22300000,2300000,218400,535,784
935,0,0,2100000,1400000,175900,1800,869
936,0,0,7300000,1800000,200500,824,968
937,0,0,2600000,910200,210300,1400,2000
938,0,0,4099999.9999999995,1100000,150000,3300,617
939,0,0,5500000,1500000,199700,715,1400
940,0,0,142000,1100000,126100,918,3700
941,0,0,1900000,970500,136600,3000,1900
942,0,0,1600000,2000000,186800,965,752
943,0,0,1500000,3000000,100200,941,1200
944,0,0,11800000,1900000,219300,877,692
945,0,0,1200000,917800,172600,1600,2400
946,0,0,4099999.9999999995,2900000,216800,712,295
947,0,0,6100000,1300000,49500,525,9300
948,0,0,26600000,1500000,257100.00000000003,1300,376
949,0,0,474000,2300000,216100,639,626
950,0,0,2200000,1300000,192100,598,1900
951,0,0,14200000,1100000,147900,894,3000
952,0,0,11400000,1900000,317500,511,528
953,0,0,383400,1500000,135400,400,2700
954,0,0,320000,1600000,315900,719,509
955,0,0,14300000,3200000,209900,709,215
956,0,0,4800000,873200,85700,5400,2900
957,0,0,13600000,2300000,242900,731,375
958,0,0,4099999.9999999995,1200000,171200,1900,1200
959,0,0,12600000,1700000,208600,982,806
960,0,0,5300000,1400000,228200,1000,885
961,0,0,497300,2200000,281600,370,623
962,0,0,861000,2600000,233200,676,336
963,0,0,1100000,1400000,133800,1100,2300
964,0,0,7700000,2400000,211400,846,363
965,0,0,1700000,1600000,87500,2800,1800
966,0,0,2100000,1200000,197000,611,2000
967,0,0,1500000,1700000,177700,528,1500
968,0,0,1100000,1000000,123100,672,4300
969,0,0,130199.99999999999,2300000,88600,2300,686
970,0,0,599900,899600,116100,2800,3000
971,0,0,6900000,1500000,229900,1200,654
972,0,0,5000000,1100000,226900,1200,1200
973,0,0,4099999.9999999995,2400000,186000,991,357
974,0,0,30100000,1700000,177600,1400,576
975,0,0,2400000,1600000,276900,716,637
976,0,0,4000000,1900000,221500,1000,378
977,0,0,7600000,1500000,230200,1100,705
978,0,0,4900000,1400000,100200,675,3600
979,0,0,17100000,1600000,188700,1500,519
980,0,0,1200000,1300000,96800,3200,1500
981,0,0,4700000,948500,146900,3200,1100
982,0,0,1100000,2500000,157800,991,512
983,0,0,6900000,1400000,141000,1600,1400
984,0,0,269200,805200,163600,487,4000
985,0,0,1200000,2200000,231300,434,743
986,0,0,5200000,1600000,352500,909,137
987,0,0,189200,1400000,156800,2600,70
988,0,0,4500000,1100000,158600,1500,1800
989,0,0,2800000,1100000,170400,2500,614
990,0,0,339900,1900000,133600,382,1900
991,0,0,409700,1000000,105800,573,4900
992,0,0,827200,2100000,191300,671,781
993,0,0,8500000,1500000,236500,1400,220
994,0,0,1200000,1100000,104400,382,4700
995,0,0,5500000,834600,148200,1900,2800
996,0,0,371900,1200000,187500,626,2000
997,0,0,4300000,2200000,280800,380,558
998,0,0,37800000,2500000,180200,859,450
999,0,0,100900,957400,226800,908,1700
1000,0,0,52200,503800,116000,8100,1800
