row-cell,Tiktoker name,Tiktok name,"
Followers",Views (Avg.),Likes (Avg.),Comments (Avg.),Shares (Avg.)
0,0,0,0,0,0,0,0
1,0,0,145600,26800000,2200000,30100,71200
2,0,0,55600000,38100000,3800000,19000,7800
3,0,0,5400000,16600000.000000002,2000000,10900,12500
4,0,0,27900000,11800000,1700000,6900,29300
5,0,0,8199999.999999999,19200000,1700000,7400,9500
6,0,0,24300000,16900000,952900,5600,27300
7,0,0,19100000,9200000,2200000,11100,9300
8,0,0,17600000,12400000,2000000,5800,11300
9,0,0,8000000,14200000,1500000,5400,13300
10,0,0,9200000,6400000,1300000,6300,39500
11,0,0,1900000,11600000,1500000,8800,11400
12,0,0,18400000,8000000,1600000,15900,10600
13,0,0,49100000,14500000,2500000,5500,3400
14,0,0,4600000,4099999.9999999995,1200000,31600,23700
15,0,0,18500000,4300000,1500000,29000,11200
16,0,0,152000000,15000000,1800000,6500,3200
17,0,0,5100000,4200000,897300,7700,39600
18,0,0,1300000,8199999.999999999,1400000,12000,2900
19,0,0,15300000,6000000,843100,21300,10600
20,0,0,32900000,8600000,1300000,7700,4500
21,0,0,145900,8100000,1200000,4000,9900
22,0,0,5400000,7600000,559200,18400,12500
23,0,0,8300000.000000001,6700000,1300000,9900,3100
24,0,0,6700000,7300000,1200000,3400,9000
25,0,0,427000,4600000,1000000,5800,15400
26,0,0,60500000,9100000,1200000,6000,2700
27,0,0,9100000,7100000,1200000,7400,3300
28,0,0,8100000,6800000,1400000,5000,3400
29,0,0,8900000,5300000,874200,14600,2400
30,0,0,2900000,6700000,1100000,6200,3600
31,0,0,3100000,17200000,961300,2600,1700
32,0,0,7300000,5900000,317400,15300,22200
33,0,0,148400000,8600000,641900,9700,2500
34,0,0,613900,4300000,991300,6800,8900
35,0,0,63200000,6400000,689800,10800,4100
36,0,0,5400000,9000000,694400,2100,6900
37,0,0,69300000,7700000,868000,6200,1900
38,0,0,44200000,6300000,1100000,4600,2900
39,0,0,20600000,8500000,1000000,3700,2400
40,0,0,2000000,3200000,409000,5100,31300
41,0,0,26300000,7400000,1200000,3200,2000
42,0,0,8900000,6100000,764300,3300,6600
43,0,0,24500000,6900000,815100,1600,6600
44,0,0,5400000,6800000,1200000,3700,1700
45,0,0,5000000,4800000,920900,2900,6400
46,0,0,156300,5800000,279100,1700,21800
47,0,0,24400000,6300000,993400,4500,1600
48,0,0,10300000,5600000,1200000,3800,1700
49,0,0,3900000,4700000,700800,3200,7300
50,0,0,4099999.9999999995,6100000,808900,4800,1600
51,0,0,3900000,4700000,700800,3200,7300
52,0,0,4099999.9999999995,6100000,808900,4800,1600
53,0,0,2500000,6900000,599300,2200,5500
54,0,0,14400000,7900000,1100000,2500,878
55,0,0,2600000,4500000,745800,3300,4900
56,0,0,10600000,3900000,672900,5300,5000
57,0,0,2800000,8700000,1000000,2300,727
58,0,0,12700000,6100000,616900,2500,4300
59,0,0,5100000,1700000,186300,30900,49300
60,0,0,12400000,3700000,671300,7600,2600
61,0,0,8700000,3700000,329200,5100,15500
62,0,0,8000000,5400000,814200,2200,3500
63,0,0,20800000,5000000,857400,2800,2600
64,0,0,8700000,6000000,1000000,2200,1500
65,0,0,88700000,6800000,523200.00000000006,2500,3800
66,0,0,11900000,3600000,811700,4000,3600
67,0,0,3800000,2800000,533600,4000,10400
68,0,0,2500000,3700000,769500,1900,5100
69,0,0,3200000,5900000,627800,2900,2400
70,0,0,738800,4099999.9999999995,766600,2700,3600
71,0,0,14000000,4800000,446800,3100,6000
72,0,0,1500000,2500000,428300,6700,11200
73,0,0,11300000,5200000,902500,3,4100
74,0,0,13800000,4400000,540100,4100,3900
75,0,0,25200000,7200000,816000,1400,1900
76,0,0,4000000,6800000,772100,2400,1200
77,0,0,26800000,4800000,588500,2400,4000
78,0,0,17900000,3700000,703400,4300,2700
79,0,0,5900000,5700000,219700,13800,543
80,0,0,7000000,4099999.9999999995,698400,3000,3200
81,0,0,31400000,4600000,732200,4300,906
82,0,0,3000000,4200000,538700,3600,3700
83,0,0,5400000,3800000,331900,2700,9800
84,0,0,4300000,3900000,827200,3500,1300
85,0,0,719000,2000000,268200,22600,5500
86,0,0,14700000,2300000,607100,7000,3700
87,0,0,5200000,3200000,451200,2800,7200
88,0,0,13600000,6100000,905100,1700,936
89,0,0,4900000,7400000,789400,1500,991
90,0,0,3000000,3400000,638300,2800,3800
91,0,0,2000000,1900000,689700,7000,3900
92,0,0,3500000,5200000,667400,2200,1800
93,0,0,7100000,3700000,594500,2400,3900
94,0,0,13900000,4300000,622000,3000,2100
95,0,0,34600000,5500000,707800,1800,1700
96,0,0,70700000,9300000,591000,1100,1400
97,0,0,4600000,6000000,690100,2500,708
98,0,0,4300000,3400000,313100,4900,7200
99,0,0,11600000,5600000,690000,2000,1400
100,0,0,4600000,3300000,522700.00000000006,2600,4800
101,0,0,11600000,5600000,690000,2000,1400
102,0,0,1200000,2400000,401700,6400,6800
103,0,0,14700000,3100000,190400,10000,11600
104,0,0,5700000,4400000,527000,1700,3800
105,0,0,5500000,3300000,569100,1500,5300
106,0,0,56100000,3400000,225500,561,15800
107,0,0,5800000,4400000,756200,1800,1900
108,0,0,2100000,3600000,531800,4000,2300
109,0,0,8800000,3800000,996600,1800,1300
110,0,0,22600000,4400000,398900,1300,5500
111,0,0,11100000,4500000,600700,2500,1700
112,0,0,5900000,2800000,363400,4300,6800
113,0,0,4800000,1600000,520299.99999999994,3000,10500
114,0,0,3800000,3400000,593000,3500,2000
115,0,0,2300000,4300000,320900,4600,3500
116,0,0,37600000,6100000,662600,1700,1100
117,0,0,6100000,4200000,725700,1700,1900
118,0,0,2300000,5900000,171600,4000,6900
119,0,0,2900000,3300000,553500,4700,1400
120,0,0,3900000,4700000,848700,941,1800
121,0,0,8800000,5400000,807100,1200,1300
122,0,0,4300000,2100000,496500,7000,3500
123,0,0,26500000,4700000,401200,2400,3400
124,0,0,8600000,5900000,606500,2000,956
125,0,0,9200000,5300000,441900,3000,1500
126,0,0,16399999.999999998,3100000,783600,2100,2000
127,0,0,219100,3500000,414700,2500,4400
128,0,0,34700000,6200000,561400,1700,1200
129,0,0,3000000,3000000,287900,891,10800
130,0,0,2000000,3100000,561200,2700,2900
131,0,0,6100000,2900000,277000,1400,10700
132,0,0,3900000,4400000,578700,2900,955
133,0,0,19400000,4900000,299100,4000,2700
134,0,0,4000000,2800000,311100,2300,8900
135,0,0,84600,2800000,145900,10800,12800
136,0,0,18700000,5300000,507000,2700,913
137,0,0,9300000,6300000,405700,2600,1100
138,0,0,4700000,1900000,252600,3200,16500
139,0,0,6300000,2700000,515400,4500,2200
140,0,0,1800000,2400000,531100,3800,3400
141,0,0,3400000,3100000,445900,4400,2100
142,0,0,2400000,3500000,551500,2600,2000
143,0,0,4300000,2700000,276600,4900,6600
144,0,0,224500,1400000,349100,6100,11400
145,0,0,13400000,3200000,332300,6900,1100
146,0,0,4600000,2300000,492900,3600,3800
147,0,0,12800000,5500000,490400,2000,1100
148,0,0,2400000,5000000,593600,1800,1000
149,0,0,3100000,2600000,302300,1000,9300
150,0,0,8600000,4700000,682300,1700,851
151,0,0,533200,61100000,70000,539,1300
152,0,0,4500000,2800000,403800,4100,2800
153,0,0,13200000,5200000,744800,1400,627
154,0,0,15000000,2800000,473900,3800,2100
155,0,0,13900000,6000000,862800,1000,464
156,0,0,13400000,2700000,351300,2900,5200
157,0,0,15600000,4700000,854500,893,981
158,0,0,18100000,2900000,492300,2900,2300
159,0,0,21700000,2700000,461400,1800,4200
160,0,0,1800000,3800000,384300,3600,1400
161,0,0,22400000,3000000,562200,2000,2200
162,0,0,4000000,5600000,534500,1200,1200
163,0,0,1500000,2600000,418700,1600,4800
164,0,0,1900000,2700000,365500,3700,3300
165,0,0,3100000,4300000,332100,2500,2100
166,0,0,1100000,2300000,425200,2500,4200
167,0,0,13000000,3000000,546300,1100,3000
168,0,0,13100000,4900000,383000,2500,1000
169,0,0,13900000,3700000,617100,1800,1100
170,0,0,12700000,5500000,495000,1600,774
171,0,0,28600000,4400000,639500,1200,1100
172,0,0,2100000,6100000,301300,423,3100
173,0,0,4200000,2200000,246700,5900,5800
174,0,0,2300000,7600000,181500,3100,1500
175,0,0,198400,1700000,389000,4300,5400
176,0,0,13800000,4300000,667300,1100,1100
177,0,0,4700000,1800000,236100,13500,1200
178,0,0,36300000,3800000,434600,2900,905
179,0,0,74300,3400000,721700,683,1900
180,0,0,2100000,3600000,238800,5600,1600
181,0,0,3300000,1600000,404900,6900,2600
182,0,0,10100000,3700000,334700,608,4300
183,0,0,3000000,5000000,364000,1700,1600
184,0,0,3800000,5100000,406400,2300,500
185,0,0,18300000,3700000,488100,1700,1600
186,0,0,5700000,2700000,450100,1200,3400
187,0,0,326900,4300000,580900,680,1600
188,0,0,5100000,2500000,330300,4800,1900
189,0,0,13000000,5200000,659200,1100,515
190,0,0,6700000,3400000,450100,2900,728
191,0,0,183100,6200000,434500,1600,418
192,0,0,4900000,2800000,324000,1300,4500
193,0,0,947100,4300000,305600,634,3400
194,0,0,11700000,4600000,523700.00000000006,1800,348
195,0,0,7800000,2600000,136200,11800,3000
196,0,0,9100000,3200000,443200,1300,2500
197,0,0,3600000,3000000,665500,1700,865
198,0,0,7600000,3000000,393900,2300,2100
199,0,0,1500000,2000000,370800,984,5800
200,0,0,8800000,2500000,194100,4400,5900
201,0,0,6800000,1700000,154600,650,18800
202,0,0,7700000,4000000,415400,2400,568
203,0,0,2200000,2000000,188700,8600,4500
204,0,0,14600000,3600000,446500,1500,1500
205,0,0,36600000,4400000,425400,1800,764
206,0,0,8300000.000000001,5100000,540800,1000,699
207,0,0,4500000,5000000,599200,998,587
208,0,0,2100000,2400000,409000,1700,3100
209,0,0,9300000,3400000,429600,3000,249
210,0,0,6400000,4300000,550000,1300,641
211,0,0,3500000,2300000,283500,1500,5600
212,0,0,10200000,4500000,564600,1300,537
213,0,0,1200000,2300000,201300,5300,4500
214,0,0,15400000,2700000,458500,2100,1600
215,0,0,5900000,3100000,493800,1400,1600
216,0,0,26500000,3300000,345000,2400,1400
217,0,0,8000000,3400000,385900,1600,1700
218,0,0,5600000,3000000,602000,1800,590
219,0,0,24500000,2900000,283500,3200,2200
220,0,0,12800000,4200000,478000,1100,1100
221,0,0,485400,1800000,366400,2700,4000
222,0,0,3400000,3000000,208500,4900,1900
223,0,0,4300000,2900000,434600,1600,1800
224,0,0,1100000,1500000,179900,194,14800
225,0,0,28800000,2800000,432100,1600,1800
226,0,0,16600000.000000002,3600000,292500,2000,1800
227,0,0,14600000,2300000,504400,1400,2200
228,0,0,5900000,3800000,367700,2400,446
229,0,0,16900000,4300000,240900,3100,880
230,0,0,569300,4500000,510100,856,894
231,0,0,13800000,4900000,278600,2400,524
232,0,0,4400000,3600000,771700,1000,399
233,0,0,566100,2300000,132400,4500,8500
234,0,0,5300000,1700000,388200,2700,3400
235,0,0,1800000,3200000,342300,762,2900
236,0,0,2100000,4099999.9999999995,337100,1600,1200
237,0,0,7200000,2200000,257200,2500,4500
238,0,0,8199999.999999999,2600000,243700,1800,4400
239,0,0,7500000,2700000,464000,1800,1400
240,0,0,2800000,3300000,449800,709,1900
241,0,0,3200000,2000000,229700,3200,5100
242,0,0,17400000,2500000,417800,1300,2400
243,0,0,2500000,3500000,344000,1900,1200
244,0,0,4400000,2700000,306700,3000,1500
245,0,0,4800000,2700000,622200,1700,533
246,0,0,3000000,4300000,230200,1800,2000
247,0,0,643700,1300000,38400,6200,71000
248,0,0,2100000,3500000,329300,1200,2000
249,0,0,11200000,2000000,294200,2400,4000
250,0,0,801100,5100000,299200,1900,446
251,0,0,15900000,3400000,491700,1500,544
252,0,0,4700000,2200000,505200,2200,969
253,0,0,2400000,2100000,341500,1000,3800
254,0,0,7400000,1800000,280700,1500,5200
255,0,0,6700000,1800000,319900,3100,2800
256,0,0,387300,888500,111900,5700,28300
257,0,0,2600000,3800000,480500,942,931
258,0,0,2700000,2500000,300200,1700,2800
259,0,0,20500000,2400000,395600,2800,725
260,0,0,5800000,3200000,360400,1900,936
261,0,0,8100000,3100000,552500,879,1000
262,0,0,20000000,3900000,631800,1000,308
263,0,0,1700000,6200000,352400,1200,313
264,0,0,2200000,4099999.9999999995,123200,1400,4900
265,0,0,6000000,3700000,410900,1100,1000
266,0,0,52300000,5200000,550400,639,469
267,0,0,10100000,3600000,500600,1300,436
268,0,0,1500000,1900000,236500,892,6100
269,0,0,25000000,3900000,392500,1300,759
270,0,0,2300000,3700000,305300,2300,563
271,0,0,9900000,2600000,507300,1300,1100
272,0,0,3400000,2000000,273900,2000,3900
273,0,0,6400000,3000000,453000,689,1600
274,0,0,1800000,1700000,318700,1300,4400
275,0,0,5600000,2900000,371200,695,2100
276,0,0,3600000,1700000,244300,3200,4200
277,0,0,1400000,3300000,648600,883,510
278,0,0,2700000,5600000,261600.00000000003,709,1300
279,0,0,3300000,4099999.9999999995,250300,865,2000
280,0,0,28700,2000000,458200,1600,1600
281,0,0,2600000,1800000,202100,5900,2500
282,0,0,23600000,2900000,415800,1600,897
283,0,0,10400000,1700000,344500,1500,3600
284,0,0,37500000,3300000,317000,1700,1100
285,0,0,7700000,3600000,398200,1400,619
286,0,0,2400000,2400000,183300,1200,5400
287,0,0,13100000,2900000,361700,1700,1000
288,0,0,5200000,1800000,332600,1000,3800
289,0,0,3400000,10700000,291000,427,471
290,0,0,691600,1700000,277200,1900,4000
291,0,0,2300000,1500000,341100,2500,2900
292,0,0,3700000,2600000,452300,1300,1000
293,0,0,2100000,3000000,305600,1100,1900
294,0,0,2100000,4099999.9999999995,570600,595,583
295,0,0,47100000,2400000,292300,2600,1300
296,0,0,3200000,2400000,279600,582,3500
297,0,0,2200000,4500000,408800,786,708
298,0,0,8100000,4099999.9999999995,212900,2700,376
299,0,0,6200000,4000000,318200,1100,1000
300,0,0,3100000,1800000,39600,35200,1900
301,0,0,1300000,2700000,404900,758,1600
302,0,0,1600000,2000000,166200,2800,5000
303,0,0,33299999.999999996,3600000,432900,1400,250
304,0,0,3800000,2200000,424700,1900,886
305,0,0,3000000,1800000,177800,3900,4100
306,0,0,4200000,2600000,324800,1100,2000
307,0,0,3200000,2600000,220000,1000,3400
308,0,0,6700000,4600000,249600,1700,552
309,0,0,1600000,2300000,404600,2000,693
310,0,0,11400000,3000000,340600,578,1900
311,0,0,18900000,2700000,425000,1500,637
312,0,0,36400000,3200000,449900,1200,520
313,0,0,3000000,1700000,390300,3200,606
314,0,0,2800000,3200000,237900,2400,816
315,0,0,1100000,1200000,321700,3100,3000
316,0,0,6200000,2500000,312300,2000,1100
317,0,0,7500000,3000000,265900,1600,1400
318,0,0,4200000,2300000,367700,1400,1500
319,0,0,1300000,2400000,520799.99999999994,998,921
320,0,0,7200000,1900000,158900,5600,2500
321,0,0,4000000,2700000,459200,1500,401
322,0,0,2200000,2100000,286600,1200,2700
323,0,0,17200000,4700000,544800,396,531
324,0,0,292200,1700000,178900,4600,3200
325,0,0,2700000,2800000,393300,864,1300
326,0,0,7500000,2200000,245400,2400,1900
327,0,0,6200000,3700000,352100,664,1100
328,0,0,497500,2300000,211400,1800,2900
329,0,0,2500000,2900000,222900,2600,969
330,0,0,121700,1700000,119400,4900,6300
331,0,0,6100000,2600000,380200,1200,1200
332,0,0,1200000,3000000,514900,792,665
333,0,0,6400000,2700000,313800,855,1900
334,0,0,4300000,3200000,397800,1400,368
335,0,0,1600000,2500000,229800,1000,2800
336,0,0,15000000,3400000,232900,2300,541
337,0,0,4400000,2500000,468700,1300,565
338,0,0,3200000,2600000,379700,869,1400
339,0,0,1100000,3300000,137300,2500,2400
340,0,0,3800000,3600000,261600.00000000003,918,1400
341,0,0,22300000,2700000,321800,1100,1400
342,0,0,4200000,2100000,362400,1400,1400
343,0,0,19600000,2000000,405400,1400,1300
344,0,0,9100000,2000000,313600,755,2700
345,0,0,1900000,4900000,330700,589,737
346,0,0,1800000,2600000,345300,1500,871
347,0,0,1800000,1300000,160900,8500,1700
348,0,0,32200000.000000004,2100000,264000,2700,1300
349,0,0,1700000,2900000,158600,2000,2600
350,0,0,12300000,2700000,183600,2300,2000
351,0,0,1200000,2500000,372900,1200,1000
352,0,0,17900000,3800000,180700,679,2300
353,0,0,2800000,1400000,223100,1200,5400
354,0,0,20700000,2200000,285200,2200,1100
355,0,0,14200000,4300000,459100,671,372
356,0,0,5400000,2400000,521400,832,813
357,0,0,7800000,2900000,369700,627,1300
358,0,0,2200000,976400,182900,1500,10000
359,0,0,1300000,4400000,186000,1300,1200
360,0,0,5000000,3000000,359400,1400,484
361,0,0,1800000,1100000,242700,2900,4600
362,0,0,9000000,2600000,418400,851,990
363,0,0,2900000,3000000,302900,1800,431
364,0,0,34800000,2800000,393300,1100,720
365,0,0,45500000,2100000,306800,2700,382
366,0,0,5900000,1700000,198700,1800,4000
367,0,0,4800000,4200000,417500,605,503
368,0,0,1500000,1900000,126700,1800,6400
369,0,0,4000000,1400000,80400,1400,16300
370,0,0,9200000,2700000,207500,3200,280
371,0,0,9300000,3800000,399600,1000,262
372,0,0,2500000,2500000,367800,1600,443
373,0,0,785300,1700000,178800,2900,3500
374,0,0,9000000,1200000,174600,977,8000
375,0,0,11500000,1800000,266700,1800,2200
376,0,0,432600,2500000,248800,1000,2100
377,0,0,2100000,3000000,263600,1900,445
378,0,0,4400000,2700000,217800,767,2400
379,0,0,5700000,3300000,173500,626,2600
380,0,0,16000000,1700000,319500,2300,1000
381,0,0,6000000,2200000,174200,2800,1900
382,0,0,4700000,3000000,382900,520,1100
383,0,0,2800000,1800000,440200,1000,1200
384,0,0,20500000,3000000,399500,1100,384
385,0,0,2700000,1600000,182600,1500,4500
386,0,0,31200000,3300000,350100,1200,313
387,0,0,199100,2400000,231600,639,2600
388,0,0,17300000,4800000,221200,711,941
389,0,0,17600000,2500000,260600.00000000003,1300,1400
390,0,0,1200000,2600000,144000,1800,2800
391,0,0,6200000,3500000,328500,773,709
392,0,0,15700000,3000000,164100,533,2900
393,0,0,13600000,1900000,376100,452,1900
394,0,0,7900000,1800000,271100,2400,1200
395,0,0,10900000,1900000,242000,2000,1600
396,0,0,7600000,3300000,285600,1400,346
397,0,0,12800000,2800000,258100.00000000003,1300,1000
398,0,0,18900000,2400000,561000,1000,186
399,0,0,4900000,1900000,248700,2400,1100
400,0,0,5500000,4099999.9999999995,212200,736,1100
401,0,0,20400000,2100000,183800,2200,2000
402,0,0,6400000,1800000,325600,1100,1600
403,0,0,11100000,2600000,388300,1200,382
404,0,0,3500000,3900000,270300,1300,252
405,0,0,30300000,2300000,337100,1300,801
406,0,0,176800,1100000,125500,3300,8300
407,0,0,2900000,934200,63900,768,25900
408,0,0,11500000,2300000,198500,1900,1600
409,0,0,3000000,2500000,454100,933,468
410,0,0,14400000,2800000,303000,1400,488
411,0,0,1300000,3400000,418500,857,252
412,0,0,2400000,1600000,207300,2100,2600
413,0,0,15500000,2200000,280800,995,1500
414,0,0,14700000,2300000,346900,1000,926
415,0,0,4800000,1500000,245300,1100,3200
416,0,0,6500000,2100000,381200,960,1000
417,0,0,1700000,1200000,195500,1300,5400
418,0,0,5800000,1900000,308800,1300,1400
419,0,0,16700000,2800000,278900,1300,653
420,0,0,3700000,2200000,205700,3000,346
421,0,0,26800000,2100000,254200,1900,947
422,0,0,2600000,2600000,328900,1300,468
423,0,0,5400000,3300000,467400,450,547
424,0,0,9000000,3500000,443700,604,370
425,0,0,4099999.9999999995,3700000,225400,1000,807
426,0,0,6000000,2100000,287400,883,1600
427,0,0,5100000,3500000,405000,872,176
428,0,0,9400000,2800000,398300,890,438
429,0,0,18000000,2400000,337700,937,889
430,0,0,10600000,1600000,351800,1400,1200
431,0,0,4800000,2200000,145600,2100,2600
432,0,0,10200000,2600000,389500,620,827
433,0,0,4500000,2100000,240400,1500,1400
434,0,0,2500000,3100000,297000,701,868
435,0,0,1500000,2000000,249400,723,2100
436,0,0,2700000,1900000,103100,2500,4800
437,0,0,11300000,2600000,214900,1600,1000
438,0,0,9600000,4600000,332000,0,945
439,0,0,16300000,3500000,335600,484,724
440,0,0,1100000,2900000,217900,1800,410
441,0,0,3300000,2000000,123600,1000,4700
442,0,0,5200000,2500000,267200,1400,730
443,0,0,3500000,1600000,237700,2200,1500
444,0,0,243600,1700000,201400,1200,2900
445,0,0,3000000,1600000,264000,436,3000
446,0,0,3000000,3100000,71500,4200,2100
447,0,0,1400000,1200000,188900,5200,904
448,0,0,958600,1400000,220100,1900,2700
449,0,0,6100000,2100000,365000,1000,749
450,0,0,5400000,2400000,343600,1100,591
451,0,0,2800000,1800000,250600,1300,1800
452,0,0,13800000,2400000,327800,1000,725
453,0,0,2200000,1800000,213400,2600,919
454,0,0,3100000,2600000,392400,1200,161
455,0,0,3400000,2100000,345100,1300,643
456,0,0,8300000.000000001,1300000,208900,2500,2500
457,0,0,8500000,1400000,334200,1600,1300
458,0,0,5900000,1800000,225300,1600,1800
459,0,0,4200000,2200000,249500,340,2100
460,0,0,5100000,1700000,219200,1700,1900
461,0,0,4000000,2400000,150400,2000,1700
462,0,0,7600000,2000000,164100,1600,2500
463,0,0,4000000,2500000,285500,692,1200
464,0,0,1600000,2100000,160700,596,3400
465,0,0,12600000,3600000,194000,1400,504
466,0,0,14800000,3300000,397000,661,351
467,0,0,6000000,1600000,314000,1800,814
468,0,0,127100,1400000,357900,1500,1200
469,0,0,3700000,1600000,201900,323,3800
470,0,0,7600000,2000000,332700,724,1300
471,0,0,3900000,1600000,236500,3000,445
472,0,0,2000000,1500000,278500,818,2300
473,0,0,2400000,2300000,387700,990,481
474,0,0,5000000,1200000,254400,1400,2900
475,0,0,5800000,1600000,306600,947,1700
476,0,0,8199999.999999999,3400000,273400,739,658
477,0,0,16600000.000000002,3000000,274000,809,763
478,0,0,4099999.9999999995,3600000,184700,518,1400
479,0,0,284200,1800000,205100,1400,2100
480,0,0,18800000,1900000,327700,1500,522
481,0,0,3000000,2300000,165000,2100,1200
482,0,0,4700000,1300000,219700,3500,942
483,0,0,2100000,1000000,275700,1700,3000
484,0,0,7200000,1300000,191800,1500,3600
485,0,0,5600000,3200000,303800,653,651
486,0,0,1000000,1400000,323600,2300,542
487,0,0,3900000,1400000,166500,2600,2600
488,0,0,11900000,1100000,247200,3400,1200
489,0,0,3600000,1500000,235900,2600,893
490,0,0,1200000,1500000,326600,1200,1300
491,0,0,1900000,870000,156700,3800,5300
492,0,0,471500,2700000,238300,1400,548
493,0,0,12300000,1800000,338200,1400,712
494,0,0,14000000,1400000,227200,1500,2500
495,0,0,8100000,2400000,240900,1300,793
496,0,0,2500000,1600000,304400,604,1900
497,0,0,636400,980200,197300,874,5500
498,0,0,2600000,2700000,143600,1300,1900
499,0,0,6500000,1600000,219300,753,2700
500,0,0,3800000,1400000,371800,1500,814
501,0,0,7500000,1400000,168800,3600,1700
502,0,0,8400000,1200000,173400,2200,3700
503,0,0,267400,5300000,111100,705,1400
504,0,0,3300000,2000000,137700,1400,3000
505,0,0,26700000,1400000,236700,3200,449
506,0,0,2700000,1600000,243300,1100,2000
507,0,0,3100000,1300000,260600.00000000003,939,2600
508,0,0,2100000,1100000,190900,1400,4200
509,0,0,12200000,2200000,160300,432,3000
510,0,0,9400000,3000000,339400,736,456
511,0,0,6800000,2300000,266600,1200,707
512,0,0,1100000,2200000,234900,1000,1300
513,0,0,17000000,1700000,393900,841,920
514,0,0,17500000,2100000,250900,481,1800
515,0,0,3200000,3900000,138600,896,1300
516,0,0,2900000,2500000,313900,1100,364
517,0,0,2600000,1300000,180200,752,4300
518,0,0,397500,1400000,184000,1800,2600
519,0,0,5200000,2700000,227700,1300,662
520,0,0,8900000,1600000,166300,1000,3400
521,0,0,28400000,2300000,259000,441,1500
522,0,0,17100000,3400000,433500,423,354
523,0,0,4900000,2300000,113800,287,4100
524,0,0,35200000,2800000,162400,896,1600
525,0,0,714900,836900,204300,3700,2900
526,0,0,4000000,1500000,152400,794,4100
527,0,0,1200000,1400000,260100.00000000003,1500,1700
528,0,0,1700000,3500000,269700,780,410
529,0,0,3200000,3900000,310500,582,342
530,0,0,524100,2300000,153900,1500,1700
531,0,0,13700000,2700000,163200,1100,1500
532,0,0,3600000,806600,243400,3200,2300
533,0,0,2100000,2000000,221200,1000,1500
534,0,0,5700000,2400000,107000,866,3400
535,0,0,704200,1600000,78700,939,7700
536,0,0,1300000,4099999.9999999995,311000,444,406
537,0,0,4800000,2200000,174800,1000,1900
538,0,0,6200000,1700000,328100,1500,468
539,0,0,4300000,1500000,263400,1400,1300
540,0,0,3800000,1100000,184400,864,4500
541,0,0,21300000,2500000,303900,1100,324
542,0,0,2400000,2300000,149900,865,2200
543,0,0,3300000,4200000,168800,896,592
544,0,0,5100000,1900000,194200,2100,714
545,0,0,7700000,4000000,216200,597,599
546,0,0,3600000,1500000,284600,1300,1100
547,0,0,26200000,2600000,243100,1100,499
548,0,0,5000000,1100000,199100,989,3700
549,0,0,852000,2500000,325000,863,401
550,0,0,2100000,2300000,288600,463,1100
551,0,0,8500000,1700000,194100,707,2400
552,0,0,11300000,2200000,321100,809,637
553,0,0,1800000,2300000,202100,310,1900
554,0,0,6500000,1200000,196500,1000,3300
555,0,0,1900000,1300000,158700,3600,1300
556,0,0,5800000,2300000,187000,1200,1100
557,0,0,13700000,3000000,190200,1400,348
558,0,0,8900000,3500000,382400,427,319
559,0,0,16200000,3300000,170100,985,793
560,0,0,3000000,3000000,291600,968,188
561,0,0,3400000,1100000,192600,3600,1000
562,0,0,287600,4200000,273800,734,126
563,0,0,4000000,1200000,149400,2100,3400
564,0,0,19200000,1700000,202300,1900,981
565,0,0,35000000,2900000,172100,920,1100
566,0,0,6800000,1100000,214100,1500,2700
567,0,0,1400000,2200000,336900,926,393
568,0,0,5100000,2800000,252700,721,654
569,0,0,3500000,2900000,207400,477,1100
570,0,0,4600000,1600000,142600,1000,3300
571,0,0,23400000,1900000,298000,905,810
572,0,0,14200000,2800000,154600,990,1300
573,0,0,1100000,1400000,124400,1200,4300
574,0,0,549000,1600000,113800,2500,2800
575,0,0,4000000,2200000,179400,2100,310
576,0,0,680400,1200000,68900,855,11200
577,0,0,319800,1500000,162100,1300,2800
578,0,0,2400000,1000000,86200,217,10500
579,0,0,3200000,1400000,249400,1400,1400
580,0,0,5700000,3000000,184200,665,1000
581,0,0,2000000,1400000,109700,4100,2100
582,0,0,244000,3400000,336000,455,373
583,0,0,7800000,1700000,314100,1000,738
584,0,0,5200000,1500000,283500,800,1400
585,0,0,5000000,3800000,401700,308,309
586,0,0,4500000,1600000,178300,2200,1200
587,0,0,150300,1300000,124500,2000,3800
588,0,0,3100000,2000000,223100,1600,461
589,0,0,1300000,2800000,75700,998,3400
590,0,0,13200000,2200000,259800,1000,581
591,0,0,2000000,2500000,169100,1700,544
592,0,0,719400,1400000,282800,2000,318
593,0,0,4700000,1600000,280800,546,1500
594,0,0,3100000,1500000,139600,1200,3100
595,0,0,2700000,1500000,198900,993,2100
596,0,0,4200000,1700000,233100,1700,577
597,0,0,2000000,1200000,208900,2300,1100
598,0,0,8600000,1900000,106000,3400,1100
599,0,0,3900000,2300000,280400,648,754
600,0,0,3700000,1700000,209600,353,2200
601,0,0,7000000,1000000,236300,903,2800
602,0,0,5300000,1100000,86000,438,9400
603,0,0,1100000,2300000,343800,801,342
604,0,0,3700000,2000000,189900,1200,1100
605,0,0,4200000,2200000,188000,784,1300
606,0,0,787300,2800000,131400,1300,1100
607,0,0,5400000,2500000,254500,1000,339
608,0,0,278400,713600,122200,728,9300
609,0,0,2100000,1500000,106000,2700,2700
610,0,0,8700000,2000000,275200,557,1100
611,0,0,15300000,2600000,324400,787,239
612,0,0,2900000,1900000,154800,1800,1100
613,0,0,26400000,1700000,209000,1400,1000
614,0,0,4400000,2900000,428900,364,319
615,0,0,4600000,2000000,173700,1200,1200
616,0,0,2600000,2400000,234000,1100,442
617,0,0,20700000,1900000,181100,1600,894
618,0,0,11800000,1500000,284500,1500,476
619,0,0,2600000,1300000,186700,601,2800
620,0,0,1400000,1100000,124400,5500,532
621,0,0,460700,3300000,180800,745,631
622,0,0,355100,2400000,157000,1300,835
623,0,0,552500,2500000,99800,1600,1700
624,0,0,11500000,1700000,239900,1100,916
625,0,0,13900000,7300000,147100,278,484
626,0,0,12700000,1700000,154300,1400,1700
627,0,0,6700000,3000000,228500,808,396
628,0,0,7100000,1700000,244600,1100,935
629,0,0,10600000,2100000,223500,977,744
630,0,0,5100000,989500,208600,2100,1800
631,0,0,1600000,1100000,220500,1100,2300
632,0,0,2800000,2300000,315900,797,309
633,0,0,2200000,2600000,190700,812,797
634,0,0,12900000,2300000,392700,714,183
635,0,0,1300000,1700000,353000,1000,287
636,0,0,1800000,3500000,177800,626,638
637,0,0,15000000,1600000,154200,1500,1700
638,0,0,2700000,1700000,260399.99999999997,1000,738
639,0,0,3700000,2400000,340000,623,355
640,0,0,7700000,1900000,152400,1600,1100
641,0,0,654600,2800000,122900,1200,1100
642,0,0,2500000,1900000,143700,2500,360
643,0,0,3700000,2300000,243900,841,517
644,0,0,278400,1300000,92200,2700,3600
645,0,0,6200000,1100000,238000,1900,999
646,0,0,4800000,1100000,109300,706,5600
647,0,0,5800000,2700000,275300,504,511
648,0,0,5000000,1700000,222900,965,1000
649,0,0,5000000,2000000,288200,823,513
650,0,0,4099999.9999999995,3700000,256399.99999999997,378,413
651,0,0,6800000,1900000,163000,396,2000
652,0,0,187700,1900000,127700,499,2600
653,0,0,3300000,835400,177600,1800,3200
654,0,0,2100000,1800000,194300,1300,857
655,0,0,4500000,2500000,259000,743,408
656,0,0,2200000,1900000,126400,2400,817
657,0,0,9400000,1700000,298700,866,588
658,0,0,14600000,1900000,216500,520,1300
659,0,0,4400000,1100000,123200,2900,2700
660,0,0,897400,1500000,206700,1100,1300
661,0,0,2800000,2400000,381700,509,289
662,0,0,4099999.9999999995,3200000,239700,684,268
663,0,0,376800,2100000,391300,571,313
664,0,0,41800000,1800000,217300,1500,316
665,0,0,2600000,1400000,191700,1400,1300
666,0,0,22600000,1200000,286200,1600,509
667,0,0,1400000,1800000,180500,925,1300
668,0,0,8300000.000000001,879400,182200,1200,3300
669,0,0,4000000,2600000,125200,283,1900
670,0,0,13000000,2100000,356700,609,371
671,0,0,7400000,2300000,286300,432,680
672,0,0,9600000,1700000,229800,1600,266
673,0,0,3000000,1700000,128500,2800,466
674,0,0,3600000,1600000,178900,1000,1500
675,0,0,12300000,2700000,178800,787,709
676,0,0,5800000,1600000,268500,609,1000
677,0,0,17400000,2700000,344300,333,429
678,0,0,205500,1300000,132100,2800,1300
679,0,0,7900000,1500000,207200,1500,735
680,0,0,24500000,2200000,126000,636,1900
681,0,0,1700000,1300000,78900,179,6800
682,0,0,360600,1500000,229600,803,1200
683,0,0,8300000.000000001,1500000,261399.99999999997,1200,582
684,0,0,9400000,1500000,191900,1900,553
685,0,0,5600000,1600000,257399.99999999997,1100,642
686,0,0,1800000,2300000,284200,548,521
687,0,0,4000000,1500000,237400,1500,485
688,0,0,8300000.000000001,2100000,335300,733,258
689,0,0,1100000,1300000,225600,2100,291
690,0,0,358700,837900,294300,1600,1300
691,0,0,17600000,1800000,207700,1200,663
692,0,0,7400000,2100000,235900,507,923
693,0,0,2500000,904100,117900,3500,3000
694,0,0,1100000,1200000,241400,729,1600
695,0,0,5000000,1800000,179200,1600,552
696,0,0,4000000,1400000,197300,2000,440
697,0,0,168100,1600000,140200,643,2400
698,0,0,5900000,2400000,221300,721,559
699,0,0,23200000,2100000,278800,791,342
700,0,0,2000000,2800000,238400,774,218
701,0,0,2200000,1500000,148700,1200,1800
702,0,0,9200000,1800000,211000,653,1100
703,0,0,704000,879500,274400,718,2000
704,0,0,2700000,891000,133600,1100,4400
705,0,0,1400000,2600000,258700,286,689
706,0,0,9100000,1600000,266800,1200,319
707,0,0,2000000,1300000,193900,587,1900
708,0,0,375100,1000000,82100,2800,4800
709,0,0,5200000,2000000,229200,1100,351
710,0,0,26800000,1800000,310800,729,422
711,0,0,14300000,835100,62800,12200,83
712,0,0,1400000,1900000,262700,509,779
713,0,0,46100000,2000000,210900,1200,298
714,0,0,12500000,1700000,172100,737,1400
715,0,0,1200000,810100,137800,1900,3700
716,0,0,19600000,1700000,173300,1100,1000
717,0,0,3100000,2600000,214000,593,565
718,0,0,3300000,1600000,263700,1100,418
719,0,0,1000000,1500000,264100,1200,339
720,0,0,32799999.999999996,2200000,208500,846,514
721,0,0,455200,1000000,73500,867,7600
722,0,0,2700000,2600000,397300,339,273
723,0,0,5100000,1600000,189500,592,1400
724,0,0,10300000,2200000,242800,708,445
725,0,0,12000000,2200000,241500,517,641
726,0,0,32500000,1400000,199600,1800,470
727,0,0,2200000,1600000,130300.00000000001,2300,687
728,0,0,44200000,2700000,202700,915,207
729,0,0,10000000,1200000,199400,1700,829
730,0,0,29700000,1800000,239600,821,596
731,0,0,230400,1100000,98900,482,5100
732,0,0,755900,1100000,326100,901,802
733,0,0,4000000,1300000,259000,1100,744
734,0,0,5800000,2200000,234300,714,463
735,0,0,2100000,2000000,154800,1000,898
736,0,0,33000,1100000,108100,4500,514
737,0,0,2500000,3000000,170700,453,713
738,0,0,6000000,1600000,300300,898,344
739,0,0,6200000,1500000,223300,1200,537
740,0,0,3100000,968800,210000,857,2100
741,0,0,5400000,1800000,304200,639,448
742,0,0,2100000,1300000,107000,685,3600
743,0,0,4000000,2300000,232600,720,403
744,0,0,11100000,2500000,127700,1000,848
745,0,0,9200000,1900000,161200,1500,423
746,0,0,2800000,862400,177200,913,2800
747,0,0,2800000,1100000,216600,1300,1100
748,0,0,1300000,4900000,104000,451,658
749,0,0,4500000,1900000,242200,665,562
750,0,0,13900000,1600000,297300,795,385
751,0,0,9500000,1200000,245900,567,1300
752,0,0,3800000,897200,213600,1200,1800
753,0,0,1900000,1200000,132900,1500,2000
754,0,0,2000000,1100000,284200,712,1100
755,0,0,1200000,4300000,167200,663,112
756,0,0,25700000,1900000,248000,778,403
757,0,0,3700000,1500000,288900,649,634
758,0,0,10900000,2100000,199100,833,495
759,0,0,155200,1400000,100900,1100,2800
760,0,0,1500000,2200000,163500,837,697
761,0,0,8000000,2100000,254100,876,155
762,0,0,2600000,1100000,236900,1700,472
763,0,0,9600000,2000000,165200,587,1100
764,0,0,2400000,1200000,268700,864,876
765,0,0,2400000,1100000,169000,2400,464
766,0,0,866400,1400000,240300,502,1100
767,0,0,5100000,2400000,227900,820,155
768,0,0,2300000,1200000,170300,1300,1300
769,0,0,10600000,1800000,236800,509,730
770,0,0,872300,1200000,56400,416,7400
771,0,0,10000000,854000,220800,1900,921
772,0,0,5100000,2400000,238500,752,169
773,0,0,7800000,1200000,215600,1700,434
774,0,0,23000000,2300000,270800,456,406
775,0,0,5000000,1700000,144300,1200,936
776,0,0,21100000,1500000,200400,1000,688
777,0,0,12100000,1500000,291400,722,466
778,0,0,1300000,1200000,103200,354,3800
779,0,0,12200000,2300000,216800,545,519
780,0,0,334500,1500000,314800,407,690
781,0,0,2000000,1600000,270000,890,345
782,0,0,6300000,978500,154700,1800,1700
783,0,0,5000000,3000000,270800,431,202
784,0,0,2000000,1500000,158900,1700,515
785,0,0,954700,1900000,118600,1000,1200
786,0,0,15700000,1800000,146700,577,1400
787,0,0,2500000,871200,116000,431,4600
788,0,0,2300000,1300000,183100,973,1200
789,0,0,2600000,1400000,178400,769,1300
790,0,0,2700000,1100000,190100,1300,1100
791,0,0,10100000,1500000,133900,1900,637
792,0,0,36000,1300000,181500,1100,1100
793,0,0,2600000,1200000,146000,843,2000
794,0,0,1600000,1400000,211100,1300,420
795,0,0,16600000.000000002,1300000,182400,1800,281
796,0,0,1500000,1400000,226700,767,761
797,0,0,16800000,2800000,287400,358,265
798,0,0,49200000,2000000,174300,1100,302
799,0,0,3500000,2400000,83600,762,1800
800,0,0,3000000,2100000,118300,419,1600
801,0,0,7700000,2200000,178600,801,458
802,0,0,1400000,1200000,145400,819,2000
803,0,0,1800000,1900000,248800,548,493
804,0,0,66000,692800,111300,2900,3500
805,0,0,3500000,1300000,135300,1500,1400
806,0,0,2300000,921500,165100,763,2400
807,0,0,57500000,3000000,101300,1300,361
808,0,0,14800000,2700000,340600,385,142
809,0,0,1400000,1200000,150600,563,2100
810,0,0,958000,1300000,164900,1300,989
811,0,0,1700000,1100000,139800,2100,1000
812,0,0,7600000,1100000,272100,950,635
813,0,0,7500000,1700000,228900,503,728
814,0,0,8100000,1700000,251100,434,719
815,0,0,7400000,10800000,37000,548,643
816,0,0,11900000,2200000,223100,726,265
817,0,0,2300000,1500000,168400,843,1000
818,0,0,2200000,483200,108400,3000,6100
819,0,0,2800000,1400000,156300,334,1900
820,0,0,778400,1400000,158900,282,1800
821,0,0,13300000,1800000,240800,399,691
822,0,0,2900000,1800000,171900,773,749
823,0,0,6400000,1100000,121000,1800,1700
824,0,0,1700000,2300000,202000,587,420
825,0,0,4200000,1500000,270800,582,608
826,0,0,8600000,1800000,143100,1500,348
827,0,0,9500000,1700000,182100,667,836
828,0,0,9200000,2000000,217700,899,197
829,0,0,3900000,2200000,240700,711,187
830,0,0,16500000,1800000,290300,615,274
831,0,0,10300000,1200000,166700,2100,211
832,0,0,159500,1600000,135600,1300,798
833,0,0,6300000,1900000,208100,734,436
834,0,0,1400000,1300000,111500,521,2700
835,0,0,11100000,1700000,262200,562,475
836,0,0,2100000,1200000,88500,1900,2400
837,0,0,5200000,2500000,303300,388,220
838,0,0,6400000,1000000,181300,1400,1000
839,0,0,5700000,1400000,175400,1600,366
840,0,0,11300000,1700000,241300,700,410
841,0,0,2000000,762100,110100,1500,3900
842,0,0,3900000,2300000,165000,623,571
843,0,0,1700000,2700000,203000,554,286
844,0,0,35000000,1700000,276100,649,311
845,0,0,5000000,1600000,262700,851,220
846,0,0,2900000,1400000,66800,1700,3100
847,0,0,22300000,2600000,210600,570,248
848,0,0,4500000,1900000,104600,512,1700
849,0,0,6300000,1400000,128800.00000000001,2300,275
850,0,0,6000000,1800000,137400,1200,607
851,0,0,6300000,1400000,128800.00000000001,2300,275
852,0,0,6000000,1800000,137400,1200,607
853,0,0,2000000,659800,142200,1400,3300
854,0,0,13600000,1700000,179200,713,782
855,0,0,23200000,1500000,157100,1500,331
856,0,0,12000000,636400,84100,1100,7100
857,0,0,34200000,2100000,124900,865,795
858,0,0,15100000,1700000,185300,1200,178
859,0,0,2100000,1100000,155400,1300,1200
860,0,0,11700000,1800000,108000,1400,806
861,0,0,1400000,1000000,177700,1100,1400
862,0,0,2000000,1900000,134300,1100,675
863,0,0,1200000,2100000,176400,424,738
864,0,0,3700000,3600000,213000,403,159
865,0,0,30000000,1900000,94200,1000,1400
866,0,0,2200000,849200,186500,842,1900
867,0,0,5400000,1900000,188100,907,288
868,0,0,6600000,1200000,212000,1300,413
869,0,0,1800000,762300,96700,724,5100
870,0,0,1800000,1100000,138800,809,2000
871,0,0,14300000,2700000,281200,434,126
872,0,0,22700000,2300000,230200,486,317
873,0,0,336400,1300000,205100,820,774
874,0,0,336200,717600,73100,2400,5700
875,0,0,3200000,1700000,227000,759,330
876,0,0,779900,1300000,221200,840,629
877,0,0,1800000,1100000,116100,560,2700
878,0,0,4400000,1800000,263700,542,347
879,0,0,8100000,1800000,208500,616,508
880,0,0,1400000,666600,160600,1400,2600
881,0,0,998200,766600,178800,1700,1400
882,0,0,2000000,1700000,275600,780,117
883,0,0,2500000,1700000,155900,825,760
884,0,0,1100000,2500000,127600,856,459
885,0,0,1300000,6100000,72800,202,741
886,0,0,2200000,1800000,208700,717,428
887,0,0,5000000,1600000,215600,1100,143
888,0,0,515400,877400,215900,1100,1100
889,0,0,951200,991400,218100,1400,527
890,0,0,4099999.9999999995,2100000,228500,521,342
891,0,0,454400,2500000,93200,443,1300
892,0,0,5100000,770500,164200,803,2500
893,0,0,9000000,2100000,218400,727,191
894,0,0,12800000,1300000,242000,1100,214
895,0,0,8199999.999999999,1300000,165500,1000,866
896,0,0,7700000,1100000,215600,1200,551
897,0,0,1100000,1900000,114400,1200,690
898,0,0,7900000,1300000,149200,831,1300
899,0,0,1200000,2100000,68700,587,2300
900,0,0,3700000,1700000,121400,1100,826
901,0,0,5100000,770500,164200,803,2500
902,0,0,9000000,2100000,218400,727,191
903,0,0,12800000,1300000,242000,1100,214
904,0,0,8199999.999999999,1300000,165500,1000,866
905,0,0,7700000,1100000,215600,1200,551
906,0,0,1100000,1900000,114400,1200,690
907,0,0,7900000,1300000,149200,831,1300
908,0,0,1200000,2100000,68700,587,2300
909,0,0,3700000,1700000,121400,1100,826
910,0,0,8800000,2000000,305900,551,109
911,0,0,1300000,1100000,180100,1600,455
912,0,0,16200000,2300000,264400,551,106
913,0,0,9200000,1200000,144700,1300,899
914,0,0,7100000,1300000,147400,898,1200
915,0,0,4300000,1700000,185200,754,488
916,0,0,1200000,1300000,133500,675,1700
917,0,0,10700000,1300000,220500,549,834
918,0,0,9500000,1200000,100900,2600,705
919,0,0,36000000,2300000,145300,892,315
920,0,0,3700000,2200000,119800,1100,435
921,0,0,2900000,968200,107400,741,3000
922,0,0,5800000,707400,159400,1100,2400
923,0,0,14500000,1800000,247700,616,257
924,0,0,1300000,810700,99300,3800,1100
925,0,0,8700000,1500000,112900,341,2000
926,0,0,5700000,1100000,141500,1600,841
927,0,0,20700000,1500000,162000,436,1200
928,0,0,1300000,3000000,88300,767,708
929,0,0,1600000,2000000,167500,720,424
930,0,0,147900,791700,64099.99999999999,1400,6100
931,0,0,3000000,2200000,316000,388,162
932,0,0,8300000.000000001,534700,55000,5700,7300
933,0,0,835000,2000000,128500,509,972
934,0,0,1100000,1200000,162000,885,1000
935,0,0,20400000,2300000,278000,405,189
936,0,0,4099999.9999999995,1200000,139500,2100,147
937,0,0,6000000,2600000,249300,473,111
938,0,0,3300000,1600000,196700,314,884
939,0,0,7500000,1200000,102400,822,2200
940,0,0,5400000,915900,161700,1000,1500
941,0,0,12200000,2500000,199900,497,249
942,0,0,456700,949200,99300,991,3000
943,0,0,1500000,1300000,169400,575,1100
944,0,0,2300000,843800,240400,1300,531
945,0,0,3600000,1300000,169100,1200,443
946,0,0,4400000,1400000,182100,920,525
947,0,0,3100000,1100000,142700,562,1800
948,0,0,4700000,2300000,181400,706,176
949,0,0,12700000,1800000,259600.00000000003,415,371
950,0,0,796100,984500,144800,1200,1300
951,0,0,514000,628300,86500,3400,3200
952,0,0,5200000,1300000,201200,718,644
953,0,0,12600000,1700000,196900,635,429
954,0,0,24500000,1100000,148400,1200,955
955,0,0,976800,1700000,154900,968,352
956,0,0,1400000,1200000,124900,1400,966
957,0,0,2600000,1700000,172500,726,475
958,0,0,2800000,1400000,135500,753,1200
959,0,0,9200000,1100000,201700,767,817
960,0,0,627400,1300000,152900,523,1200
961,0,0,966100,1700000,118000,1200,532
962,0,0,2200000,1900000,134000,994,356
963,0,0,10600000,959700,168800,293,1900
964,0,0,5300000,840700,198200,1000,1100
965,0,0,1000000,1100000,92300,948,2500
966,0,0,14700000,1800000,233800,474,353
967,0,0,308700,2300000,183300,563,262
968,0,0,3800000,1600000,159800,1200,154
969,0,0,6100000,1600000,153600,434,979
970,0,0,8600000,1700000,201700,354,655
971,0,0,12800000,1300000,121000,1700,619
972,0,0,643400,1100000,143200,621,1600
973,0,0,1000000,726200,150700,679,2500
974,0,0,11200000,1300000,155500,1400,337
975,0,0,2900000,1900000,114800,1000,564
976,0,0,1200000,909300,117000,2100,1100
977,0,0,2300000,1300000,170500,620,982
978,0,0,1300000,1200000,177000,665,1000
979,0,0,769900,1500000,125400,1300,507
980,0,0,897200,1000000,185700,1100,658
981,0,0,7700000,1200000,214000,1200,122
982,0,0,552500,1700000,87800,1200,1100
983,0,0,7500000,1000000,183600,1100,727
984,0,0,6900000,1800000,207500,716,188
985,0,0,20400,455700,100300,840,6500
986,0,0,3300000,1400000,228900,931,112
987,0,0,702100,921000,114500,3000,172
988,0,0,4900000,2100000,150500,860,222
989,0,0,1200000,1800000,156500,926,258
990,0,0,1700000,2100000,93500,1300,382
991,0,0,3000000,1100000,124600,1700,760
992,0,0,20700000,1300000,134200,1500,371
993,0,0,9000000,1300000,165500,982,556
994,0,0,11100000,1300000,150500,732,959
995,0,0,15200000,2000000,301000,331,232
996,0,0,1600000,1100000,117600,1400,1100
997,0,0,669400,750300,118300,655,3000
998,0,0,552000,1000000,121900,1900,727
999,0,0,1100000,2000000,112500,1000,414
1000,0,0,10900000,1600000,212500,665,318
