row-cell,Tiktoker name,Tiktok name,Followers,Views (Avg.),Likes (Avg.),Comments (Avg.),Shares (Avg.)
1,jypestraykids,Stray Kids,138000000,64000000,23000000,502000,342000
2,khabylame,Khabane lame,1492000000,173000000,23000000,152000,87000
3,2,scarlett,21000000,179000000,8458000,539000,63000
4,addisonre,Addison Rae,887000000,22000000,9066000,76000,262000
5,belindatok,Belinda,48000000,142000000,15000000,145000,153000
6,onwardwanna,WannaðŸŠ,75000000,12000000,2000000,204000,42000
7,therock,The Rock,554000000,131000000,15000000,143000,119000
8,bizarrap,bzrp,58000000,162000000,27000000,42000,69000
9,landonbarkerr,Landon Barker,38000000,117000000,12000000,191000,152000
10,mrbeast,MrBeast,422000000,13000000,17000000,172000,21000
11,charlidamelio,charli dâamelio,1462000000,152000000,9594000,208000,46000
12,amauryguichon,Amaury Guichon,145000000,114000000,15000000,72000,118000
13,jetbentlee,Jet,39000000,124000000,22000000,36000,66000
14,kervodolo,Kervodolo,103000000,57000000,13000000,79000,276000
15,ttdramanews,TT Drama Layla,8563000,61000000,11000000,166000,177000
16,mishayoung,ÐœÐÑˆÐ ÐÐÑÐÐÐµÑÐºÐÐ ðŸºðŸ,4000000,108000000,680000,57000,225000
17,domelipa,domelipa,581000000,104000000,15000000,91000,35000
18,kyliejenner,Kylie Jenner,47000000,123000000,19000000,55000,26000
19,enhypen,enhypen,127000000,43000000,11000000,248000,143000
20,kimberlyloaiza,Kimberly Loaiza,672000000,88000000,12000000,121000,43000
21,ramonvitor,ramonvitor,87000000,93000000,19000000,73000,24000
22,txtbighitent,TOMORROW X TOGETHER,181000000,38000000,11000000,274000,95000
23,emraynea,emraynea,11000000,51000000,14000000,66000,135000
24,bp_tiktok,blackpinkofficial,312000000,45000000,8396000,139000,222000
25,3,Mohamed Tarek  ÙØÙØ ØØØÙ,13000000,47000000,8642000,219000,8000
26,zeth,Zeth,13000000,85000000,17000000,22000,62000
27,kurtsworld,Kurt Kunkle,13000000,49000000,6859000,301000,33000
28,joshtgodfrey,Josh Godfrey,2855000,64000000,5876000,128000,163000
29,justinflom,JustinFlom,61000000,129000000,7892000,45000,62000
30,williesalim,WILLIE SALIM,155000000,81000000,5892000,174000,54000
31,rosalia,La Rosalia,255000000,142000000,12000000,33000,26000
32,birovr,Biro,3000000,64000000,7609000,61000,143000
33,kietacquy,Kiát áºk Wá,33000000,52000000,8422000,123000,85000
34,threedotcorey,corey,49000000,63000000,14000000,29000,71000
35,iamferv,Fernanda,315000000,66000000,9623000,10000,39000
36,winnermaxyt,WinnerMax,45000000,138000000,1000000,18000,45000
37,devankey,Devan Key,8000000,69000000,9762000,86000,37000
38,yunggravy,Yung Gravy ðŸ,66000000,95000000,14000000,35000,27000
39,siscakohl,Sisca Kohl,124000000,92000000,11000000,62000,18000
40,lexibrookerivera,Lexi Rivera,232000000,75000000,9925000,85000,18000
41,1423,Leithal,11000000,79000000,13000000,38000,32000
42,imeyhou,Meyden,3000000,9000000,7995000,8000,16000
43,bblek,bblek,26000000,8000000,6167000,64000,74000
44,mcpedrinhoofc,Mc Pedrinho,5000000,82000000,12000000,5000,2000
45,jennmelon,Jenn Melon,22000000,55000000,14000000,38000,49000
46,nilered,NileRed,103000000,6000000,1000000,44000,63000
47,zhangxi_acupuntura,doctor Zhang Xi,29000000,7000000,3785000,15000,225000
48,pongamoslo_a_prueba,PongÃmoslo a Prueba,367000000,93000000,16000000,23000,2000
49,itsmacdoogle,ItsMacDoogle,18000000,39000000,6859000,101000,13000
50,jesusnalgas,jesus_nalgas,26000000,5000000,9701000,6000,6000
51,notemmamarie,Em,4939000,44000000,7752000,91000,67000
52,daniellabelle,Daniel LaBelle,27000000,52000000,8168000,38000,84000
53,conangray,conangray,64000000,39000000,11000000,7000,49000
54,spencer_serafica,Xspencer,136000000,52000000,9243000,59000,4000
55,musikyotogsj,ãããããâMovie,12000000,43000000,192000,18000,559000
56,ryanbakery,ððððððð ðšðð,29000000,54000000,5482000,78000,77000
57,soyminisech,ðŸðŸSECHITOðŸðŸ,12000000,65000000,6034000,2000,95000
58,katyaross,Katya Ross,2933000,28000000,6653000,57000,181000
59,vinnyguadagnino,vinnyguadagnino,31000000,51000000,6293000,59000,72000
60,lelepons,Lele Pons,279000000,122000000,1000000,15000,17000
61,mattsturniolo,Matt,32000000,32000000,812000,109000,46000
62,rayssabuq,Rayssa Buq,72000000,43000000,7753000,79000,41000
63,1,charlidamelio,646000,54000000,804000,69000,17000
64,pkllipe,Pk,19000000,48000000,8933000,3000,56000
65,selenagomez,Selena Gomez,432000000,52000000,8049000,42000,45000
66,_thememehub_,RANDOM MEMES,23000000,38000000,7877000,29000,9000
67,lexibrookerivera,Lexi Rivera,234000000,76000000,8706000,31000,18000
68,bhadbhabie,bhadbhabie,63000000,51000000,8995000,3000,4000
69,acpitos,acpitos on ig ðŸ,4896000,57000000,8588000,35000,31000
70,sofiacarson,SofiaCarson,62000000,57000000,9035000,32000,29000
71,youngswagonoriginal,YoungSwagon,49000000,51000000,7525000,14000,67000
72,montpantoja,Montpantoja,357000000,68000000,1000000,25000,19000
73,azzyland,Azzyland,46000000,53000000,7742000,7000,462
74,soysuco,soysuco,125000000,54000000,5705000,87000,11000
75,bellapoarch,Bella Poarch,914000000,74000000,6773000,49000,11000
76,7424453118,Max Taylor,28000000,35000000,5726000,52000,95000
77,jordanemel,Jordan e Mel,102000000,44000000,4361000,3000,122000
78,hannahstocking,Hannah Stocking,265000000,78000000,8408000,16000,25000
79,_xochitlgomez,XÃchitl GÃmez,73000000,7000000,13000000,26,29000
80,rubentuestaok,Ruben Tuesta,213000000,55000000,8023000,16000,44000
81,charrliiieeee,Charlieee,51000000,12000000,4702000,17000,29000
82,kallmekris,Kris HC,463000000,54000000,9366000,34000,15000
83,dereklipp_,Derek Lipp,53000000,31000000,4405000,25000,157000
84,jaxwritessongs,Jax,117000000,41000000,6835000,54000,32000
85,calfreezy,Calfreezy,9606000,65000000,8691000,17000,24000
86,loveofhuns,loveofhuns x,1447000,35000000,3824000,83000,89000
87,lizzza,Liza Koshy,299000000,49000000,8028000,22000,36000
88,victormelo,Victor Melo,219000000,45000000,7367000,25000,42000
89,8,Wisdom Kaye,85000000,46000000,8744000,35000,2000
90,qpark,Q Park,336000000,5000000,4153000,39000,66000
91,4,LIL G,17000000,44000000,5219000,55000,4000
92,dylanmulvaney,Dylan Mulvaney,73000000,38000000,7308000,66000,12000
93,hafizmahamad,Hafiz Mahamad,11000000,3000000,3251000,144000,75000
94,oficialmarcuseni,marcus_eni,45000000,22000000,1986000,13000,46000
95,holamargo,margoâœ,41000000,67000000,8681000,24000,12000
96,dharmann,Dhar Mann,143000000,42000000,5281000,69000,24000
97,mementoe,MÃtÃ MÃhÃsz,36000000,34000000,5885000,44000,58000
98,kaelimaee,kaeli mae,106000000,55000000,7338000,15000,35000
99,paralympics,paralympics,25000000,54000000,4678000,18000,63000
100,ynchq,ÐÐÑÐÐº,64000000,49000000,6601000,27000,35000
101,connordewolfe,Connor DeWolfe,54000000,3000000,6284000,16000,9000
102,13,NgebisOnline,772000,37000000,4984000,59000,44000
103,16,gustian_magrib,11000000,29000000,2305000,12000,277000
104,otoha_danso,éŸçotoha,15000000,34000000,268000,95000,112000
105,ivanlomelitv,IvÃn Lomeli Travel Blogger,44000,24000000,1881000,12000,396000
106,davidguetta,David Guetta,45000000,44000000,4199000,41000,59000
107,quynhaka,Quánh Aka âœ,19000000,47000000,3332000,44000,73000
108,gianlucavacchi,Gianluca Vacchi,215000000,77000000,4771000,2000,28000
109,ashhasacamera,ash,8717000,34000000,8547000,41000,2000
110,1,ðŸŽâï ØÛØØØÙÛØØÛÙÙ_ØØÛÙØâïðŸŽ,28000000,81000000,3374000,13000,51000
111,garett__nolan,garett nolan,134000000,42000000,3371000,24000,10000
112,sturniolotriplets,Sturnioloâs,4000000,28000000,6542000,76000,2000
113,juliano,juliano,99000000,68000000,6252000,3000,1000
114,jwaltonnn,áŠâšï,7334000,16000000,3509000,27000,25000
115,zodiacboyfriend,Zodiac BoyfriendðŸªðŸ,21000000,27000000,4447000,52000,85000
116,litkillah,LIT killahðŸ,24000000,32000000,4283000,13000,106000
117,69,69,89000000,19000000,4788000,146000,38000
118,shxtsngigs,ShxtsNGigs Podcast,49000000,36000000,6031000,19000,56000
119,faeleamendoim,Fael Alegria e Isaac Amendoim,36000000,55000000,3216000,13000,79000
120,thallyssonsb,Thallysson Borges,107000000,3000000,4501000,38000,81000
121,saramohannad_,Sara,79000000,45000000,3649000,63000,31000
122,miakhalifa,Mia K,357000000,54000000,6103000,25000,22000
123,qamar_altaey,ððððð,38000000,3000000,2981000,7000,99000
124,96,96,26000000,45000000,5651000,25000,34000
125,kooovryt,kika,25000000,29000000,5162000,4000,6000
126,38,ììœì,174000000,35000000,6588000,38000,28000
127,jdpantoja,JD Pantoja,305000000,46000000,7519000,35000,799
128,billlnai,nai,87000000,34000000,9342000,26000,19000
129,itssassagurl,Sassa Gurl,66000000,35000000,5653000,31000,41000
130,bargainbethany,bargainbethany,1248000,22000000,2087000,18000,283000
131,terryreloaded,Terry Reloaded,65000000,23000000,5087000,27000,87000
132,gordonramsayofficial,Gordon Ramsay,338000000,64000000,4881000,22000,21000
133,larissagloor,ðŸðððððð ðšðððð,34000000,31000000,7568000,39000,18000
134,1,General ock,34000000,32000000,4263000,31000,63000
135,aymanehamedi,Weld Mimoune,11000000,34000000,2985000,28000,98000
136,luvadepedreiro,Iran Ferreira Lai,194000000,42000000,5717000,37000,17000
137,brookemonk_,Brooke Monk,236000000,59000000,6789000,19000,14000
138,parnishacook,ÐŸÐÑÐÐÐµÐ ÐÐÐÐÐµÐº,6157000,32000000,1837000,352,213000
139,47,ØØÙŠØ  ÙŠØÙ,7000000,7000000,2492000,12000,61000
140,pimrypie__tiktok,Pimrypie,33000000,77000000,4663000,23000,12000
141,alanthedude,Alan,6818000,37000000,636000,35000,18000
142,daviddobrik,DAVID DOBRIK,262000000,44000000,4406000,17000,46000
143,montanablack,GetOnMyLvL,25000000,34000000,4475000,35000,44000
144,vhackerr,Vinnie,149000000,33000000,4871000,46000,27000
145,36,36,86000000,54000000,3075000,52000,19000
146,thebenjishow,benji,59000000,33000000,6438000,22000,32000
147,17,SEVENTEEN,6000000,19000000,5951000,53000,49000
148,thenataliahms,Natalia Hurtado de Mendoza,739000,35000000,2596000,928,118000
149,loganpaul,Logan Paul,159000000,48000000,9769000,14000,1000
150,andyarthursmith,Andy Arthur Smith,22000000,33000000,5647000,33000,28000
151,loganpaul,Logan Paul,159000000,48000000,9769000,14000,1000
152,andyarthursmith,Andy Arthur Smith,22000000,33000000,5647000,33000,28000
153,cauwave,cauwave,14000000,26000000,3966000,27000,82000
154,nicollefigueroaa,Nicolle Figueroa,127000000,55000000,7661000,18000,882
155,brookemonk_,Brooke Monk,236000000,57000000,6208000,18000,13000
156,oldtimehawkey,Old Time Hawkey,64000000,29000000,4455000,46000,4000
157,151,ÙÙƒØ _Mix,34000000,48000000,4819000,32000,14000
158,mmmjoemele,Joe Mele,228000000,57000000,8484000,12000,1000
159,lordtrunks,Lord Trunks,22000000,42000000,3869000,3000,36000
160,paytonking,Payton King,53000000,26000000,325000,48000,76000
161,squatchandsons_customs,Squatch and Sons Customs,2136000,77000000,4713000,16000,12000
162,incorrectlyroce,Roce OrdoÃez,84000000,39000000,6786000,22000,17000
163,lifeofclare,Clare Thurkett,422000,31000000,7244000,12000,34000
164,patrickbarnes,Patrick Barnes,24000000,22000000,4172000,39000,73000
165,thehistorical,History Footage,2015000,29000000,3462000,48000,51000
166,blamerobertjames,blamerobertjames,1593000,35000000,3472000,44000,39000
167,pollerocho,pollerocho,35000000,35000000,5672000,841,42000
168,ferchugimenez,Fernanda,77000000,45000000,8256000,15000,11000
169,8,Jaykindafunny,243000000,48000000,6124000,13000,2000
170,kulinariarecetas,AGUS LIPORACE,38000000,34000000,4089000,443,64000
171,cocielo,JÃºlio Cocielo,5000000,23000000,6759000,2000,41000
172,darylsabara,darylsabara,6957000,36000000,6285000,19000,21000
173,livefromthepark,Ninjy Dave,369000,22000000,1302000,1000,306000
174,saraisthreads,Sarai Marie,16000000,23000000,4627000,26000,61000
175,fhdartz,ÙÙØ ØØØª  FahadðŸŽ,22000000,45000000,2888000,54000,14000
176,ig_alongwiranda,ðŸŒðŸƒ,8807000,32000000,1294000,12000,20000
177,initiaraandini,tiara andini,51000000,38000000,4196000,26000,3000
178,ndshvv,ndshvv,32000000,38000000,5524000,34000,764
179,maiaknight,Maia Knight,88000000,47000000,7205000,16000,960
180,9000,ÐÐžÐœÐÐš,444000000,38000000,4898000,36000,11000
181,dobretwins,Lucas and Marcus,362000000,48000000,4531000,28000,11000
182,jacksepticeye,Jacksepticeye,49000000,23000000,5598000,38000,27000
183,franckfs,Franck FarfÃn FS,57000000,49000000,3309000,1000,41000
184,iamdtg,DTG,12000000,22000000,2519000,22000,129000
185,44,Jihan Salsabila,16000000,27000000,3664000,36000,45000
186,brentrivera,Brent Rivera,449000000,49000000,5744000,2000,813
187,rayandmadalyn,Ray  Madalyn,11000000,36000000,4961000,18000,26000
188,nessaabarrett,Ness,194000000,4000000,4205000,27000,2000
189,leanadeeb,Leana Deeb,104000000,39000000,5735000,13000,21000
190,justhamilton,Just Hamilton,29000000,23000000,3711000,19000,7000
191,10,10,63000,29000000,2082000,27000,99000
192,1,1,48000000,27000000,5185000,36000,17000
193,loicsuberville,LoÃc Suberville,24000000,24000000,4581000,16000,52000
194,89,ðððµð ðŸ,57000000,41000000,2934000,37000,26000
195,bigtugg,Tucker Lindgren,13000000,2000000,444000,31000,53000
196,jvke,JVKE,77000000,37000000,5822000,21000,13000
197,bayashitiktok,ãƒãƒãðŸBayashi,336000000,44000000,492000,26000,786
198,bilalahy,Bilal,35000000,22000000,492000,19000,47000
199,spicyycam_,Spice King,195000000,42000000,4141000,28000,13000
200,duythamchannel,Duy Tháºm,4000000,5000000,4925000,22000,708
201,fedevigevani,Fede Vigevani,146000000,4000000,4572000,27000,11000
202,korectiion,Iam Cleo,3905000,3000000,3768000,43000,17000
203,theovon,Theo Von,27000000,31000000,3208000,11000,56000
204,dafnnejm,dafnne â,38000000,37000000,6679000,14000,13000
205,boomershroomer,Ashley Enders,638000,41000000,2864000,24000,32000
206,abirsag,Abir el saghir,147000000,43000000,3028000,28000,23000
207,iamprisleeciyi,Priscilla âÌˆ,139000,23000000,5229000,12000,42000
208,mikaylahau,Mikaylah,49000000,36000000,3135000,46000,11000
209,ranboolive,Ranboo,43000000,18000000,4148000,7000,16000
210,fadiljaidi,Fadil Jaidi,87000000,35000000,3907000,29000,18000
211,diiegospyckerzs,Diiego Spyckerzs,8085000,28000000,1545000,3000,118000
212,8,Cat Sonya,174000000,35000000,2877000,1000,53000
213,dbl_n,DBL N officiel ðŸðŸðŸðŸ,22000000,36000000,3929000,24000,21000
214,gavincasalegno,GavinCasalegno,32000000,22000000,3947000,53000,19000
215,13,13,127000000,54000000,2937000,32000,722
216,guide_smis,ààààŒ àªààà,2757000,131000000,2992000,435,12000
217,lucasmonteirosg,Lucas Monteiro,4869000,38000000,4694000,18000,17000
218,dasigantung,Dasi Gantung,59000000,46000000,6485000,842,13000
219,vanessalopesr,Vanessa Lopes,252000000,34000000,3278000,36000,19000
220,alexitoxedits,3,29000000,16000000,4671000,39000,44000
221,bretmanrock,bretmanrock,144000000,29000000,5999000,2000,14000
222,brodywellmaker,Brody Wellmaker,216000000,3000000,4303000,36000,1000
223,jamescharles,James Charles,369000000,42000000,3564000,29000,11000
224,pablitocastilloo,pablitocastilloo,58000000,2000000,2347000,18000,108000
225,jindaouis,Louisa Jindaoui,2000000,34000000,4922000,16000,19000
226,readyfredi,fredi pÃrs,32000000,16000000,364000,38000,66000
227,iveofficial,IVEofficial,3000000,24000000,3556000,41000,27000
228,hannahbahng,hannahbahng,24000000,17000000,4794000,58000,13000
229,realnikocadoavocado,Nikocado Avocado,17000000,34000000,131000,69000,6000
230,_andrewcurtiss,Andrew Curtis,28000000,2000000,3419000,55000,29000
231,94,ðŸÄáºt VillaðŸ,69000000,27000000,192000,86000,26000
232,santiperezvivas,Santi Perez,18000000,25000000,4183000,18000,38000
233,sucsss,AÃucena Guirra,115000000,32000000,5399000,25000,755
234,thalita_karter,thalitaKarter,39000000,34000000,2002000,12000,69000
235,davidcstt_,David Costa,53000000,35000000,4805000,19000,14000
236,strangehumano,nova,104000000,38000000,4008000,24000,11000
237,gregisms,Gregismsâ Neighborhood,24000000,14000000,2358000,43000,123000
238,matheuscllaus,CLAUS,54000000,27000000,3401000,23000,37000
239,halinhofficial,Ha Linh Official,27000000,41000000,3465000,24000,14000
240,kaanetm,Kaan,33000000,16000000,4115000,34000,47000
241,nicocaponecomedy,nicocaponecomedy,231000000,46000000,3173000,14000,23000
242,12,Aitch,2000000,35000000,3514000,21000,23000
243,kirbyquimado,Kirbyyy,1879000,21000000,2749000,15000,76000
244,brycehall,Bryce Hall,227000000,48000000,4978000,15000,711
245,56,aikihoruus,59000,15000000,2766000,22000,108000
246,emillyvickof,Emilly Vick,121000000,54000000,4448000,14000,799
247,803,Äá Äáºt,76000000,37000000,3682000,26000,11000
248,darianrojasc,D A R I A NR O J A S,307000000,33000000,5424000,24000,440
249,nicolassturniolo,Nicolas Sturniolo,33000000,25000000,4121000,44000,582
250,ricardogaeta_,Ricardo Gaeta,7378000,21000000,232000,49000,53000
251,giovannibonaccinii_,G I O V A N N IðŸ,8583000,22000000,3176000,3000,41000
252,girlsgenerationofficial,GirlsGeneration,7835000,27000000,3552000,29000,24000
253,eupereiraoficial,Eu Pereira,78000000,36000000,3957000,13000,21000
254,sabrinacarpenter,Sabrina Carpenter,126000000,32000000,3465000,33000,12000
255,leymarbrown,Leymar Brown,6339000,2000000,2515000,26000,71000
256,444,Feid,35000000,31000000,3817000,15000,26000
257,itsqcp,QCP,108000000,39000000,5291000,14000,948
258,tooturnttony,Tooturnttony,177000000,37000000,3555000,26000,11000
259,theodortytb,THEODORT,15000000,26000000,5633000,25000,773
260,drewafualo,Drew Afualo,77000000,2000000,3221000,65000,977
261,xoang_xa,maliha,9176000,21000000,475000,29000,18000
262,runabyte,Runa,9494000,21000000,5732000,18000,22000
263,notshanebennett,Shane Bennett,26000000,26000000,5894000,12000,19000
264,shadisrour,Shadi Srour,22000000,32000000,1964000,23000,52000
265,ninonrambaud,Ninon Rambaud,1235000,41000000,4415000,15000,11000
266,kyleechoi,Kylee Choi,198000,18000000,4835000,3000,23000
267,eljuandiduque,eljuandiduque,62000000,18000000,1713000,15000,134000
268,819,ðŸðŸMINAMIðŸðŸ,16000000,2000000,1871000,97000,24000
269,raredoodle,rare doodle,18000000,32000000,3701000,24000,15000
270,benyaparimm,BEN YAPARIM  ðŸðŸ,5193000,36000000,1861000,15000,52000
271,thehypehouse,The Hype House,211000000,32000000,4417000,27000,523
272,livvy,Olivia Dunne,59000000,31000000,3979000,23000,14000
273,choega,BEDDY,55000000,21000000,3482000,41000,2000
274,cerenyaldz,Ceren YaldÄz,94000000,44000000,1841000,48000,712
275,miichaelltran,Michael,65000000,25000000,4427000,23000,18000
276,dunkmvp,DunkMVP,35000000,35000000,4057000,14000,18000
277,jimenajimenezr,Jimena,242000000,33000000,5211000,959,16000
278,tangozilla,TANGOZILLA,280000,22000000,4675000,13000,3000
279,melfouad,Melfouad,13000000,24000000,2094000,21000,66000
280,22,Tom Felton,101000000,28000000,3035000,31000,2000
281,bu_kre_sabi,Bu Kre Sabiâï,4724000,51000000,2552000,659,26000
282,lucasvarelaaaa,Lucas varela,29000000,2000000,282000,810,67000
283,97,97,151000000,22000000,4437000,25000,19000
284,jessechrisss,Jess,35000000,89000000,471000,775,223
285,3,ÙØØµØ  ðŸðŸ alsubaie,4000000,29000000,1496000,23000,74000
286,tammyhembrow,Tammy Hembrow,17000000,38000000,4295000,13000,13000
287,3,Jack Joseph,32000000,21000000,3231000,25000,38000
288,2,Paulo Victor Melo,22000000,47000000,4479000,815,12000
289,phatnail,LÃª Äáºi PhÃt ðŸ,14000000,33000000,3339000,32000,583
290,straykids_japan,straykids_japan,81000000,1000000,3449000,76000,39000
291,fwmkalebb,Kaleb,16000000,2000000,3064000,45000,23000
292,cookiepuentee,Cookie PuenteðŸª,6861000,14000000,3368000,18000,66000
293,andyandmichelle,Andy  Michelle,5000000,26000000,3363000,14000,34000
294,elpelaromerook,Gonzalo Romero,15000000,14000000,1615000,696,172000
295,leaelui,Lea Elui,173000000,39000000,5964000,654,11000
296,zeinabharake,Zeinab Harake,144000000,35000000,4921000,17000,673
297,augustogimenez,AugustoGimenez,135000000,41000000,6088000,1000,605
298,thefashioncouple,BUCKSJANINA,36000000,31000000,189000,66000,303
299,3000000,3000000,31000000,23000000,2709000,49000,15000
300,brittikitty,Brittany  Lily,135000000,31000000,4333000,12000,17000
301,mieayamthebstt,UnaaðŸœ,162000000,35000000,2755000,25000,15000
302,cryingben,benoftheyear,16000000,2000000,442000,37000,764
303,keniaos,KeniaOs,154000000,2000000,3418000,41000,15000
304,okunonolife,nono,8397000,3000000,3182000,1000,29000
305,camxnie,Cam  Nie,35000000,19000000,3236000,1000,53000
306,loewhaley,Laura,27000000,25000000,2112000,1000,61000
307,vicblends,VicBlends,132000000,27000000,5239000,18000,836
308,6,3892932795857,87000,2000000,3153000,16000,44000
309,renpc_,âœRen PCâœ,48000000,16000000,3393000,16000,53000
310,christophersturniolo,Christopher Sturniolo,27000000,16000000,3612000,5000,13000
311,snoopdogg,Snoop Dogg,234000000,37000000,1681000,27000,33000
312,mdmotivator,Zachery Dereniowski,107000000,3000000,4249000,18000,1000
313,naimdarrechi,Naim DarrechiðŸ,281000000,23000000,2284000,11000,6000
314,iamsungstarwin,Sungstarwin,22000000,47000000,6519000,653,532
315,613,613,4000000,16000000,2221000,33000,69000
316,esen_alva,Esen,44000000,16000000,3282000,11000,58000
317,grillervm,GrillerVM,31000000,25000000,3712000,13000,26000
318,jerellware,jerell ware,958000,22000000,4339000,15000,23000
319,jimmydarts,Jimmy Darts,89000000,26000000,506000,21000,643
320,899,ViÃªn Vibi,75000000,4000000,3758000,2000,394
321,noguidnce,NO GUIDNCE,22000000,22000000,4306000,21000,18000
322,4,LA CHAMA á,96000000,27000000,363000,34000,318
323,sonrixs_,Sonrixs,137000000,4000000,5344000,1000,642
324,vincentgiganteee,Vincent Gigante,23000000,21000000,3009000,16000,39000
325,jerofreixas,jerofreixas,14000000,19000000,1849000,14000,87000
326,madamsoniia,Madam Sonia,36000000,64000000,4746000,635,509
327,cznburak,cznburak,636000000,46000000,2284000,23000,978
328,lamaraaa,LA MARA,73000000,29000000,3769000,22000,904
329,louvoresgospelbr,louvoresgospelbr,13000000,19000000,2213000,11000,69000
330,1,Ruce Nuenda,21000000,33000000,4906000,15000,554
331,5,5,146000000,18000000,1369000,48000,88000
332,bebopandbebe,BebopandBebe,7504000,33000000,1272000,76000,354
333,daniimolalaa,Ladaniuu,4999000,24000000,5865000,998,13000
334,jaimeonod,Telma,18000000,2000000,2961000,38000,18000
335,starirawan,ssssttttaaaarrrr,5503000,18000000,1773000,86000,18000
336,patriotickenny,patriotickenny,23000000,21000000,2929000,2000,33000
337,xxlechuga,Daniel Lechuga,53000000,22000000,4761000,12000,19000
338,manhtienkhoi_,Máºnh Tiáºn KhÃi ðŸ,46000000,3000000,2764000,26000,13000
339,itsjojosiwa,JoJo Siwa,435000000,42000000,422000,14000,399
340,ajkhiphop,kelil,365000,46000000,6706000,686,355
341,ustazebitlew,Ebit Lew,41000000,19000000,1563000,63000,44000
342,cedricgrolet,Cedric Grolet,13000000,33000000,2518000,11000,27000
343,danythegaggio,Daniele Cabras,32000000,2000000,2172000,23000,52000
344,dylanpagening,Dylan Page,31000000,16000000,2394000,54000,3000
345,mastermind_ph,Mastermind PH,21000000,26000000,273000,21000,23000
346,maluborgesm,MALU BORGES,29000000,19000000,2804000,48000,1000
347,vitovideo,Vito ðŸŒðŸšââï,19000000,22000000,340000,2000,22000
348,frnzlynfby,Feby,37000000,19000000,361000,26000,2000
349,carolvillanes,Carol Villanes,63000000,2000000,2947000,48000,467
350,22,Maria Becerra,83000000,27000000,3883000,22000,712
351,onerepublic,OneRepublic,6917000,28000000,323000,955,25000
352,ngikuttrendaja,Ahmad Rizki,1928000,37000000,3045000,15000,12000
353,flickerspark_,flickerspark_,12000000,21000000,5168000,14000,15000
354,cvsthetico,cvstage,1682000,23000000,3131000,25000,18000
355,yahia_x,ÙŠØÙŠÙ ØÙØØØÙŠ,22000000,4000000,1899000,1000,31000
356,jennialarcon_,Jenni Alarcon,31000000,2000000,3484000,25000,19000
357,airiiqtieeee,inoue,531000,18000000,3213000,27000,26000
358,officialsunnydaze,SUNNY DAZE,16000000,31000000,4953000,844,12000
359,los_chicaneros,Los_chicaneros,37000000,19000000,2182000,12000,61000
360,videoschapin,VideosChapin,56000,29000000,788000,27000,106000
361,wuesilva,Wue Silva,131000000,41000000,2834000,12000,14000
362,ladygaga,ladygaga,76000000,19000000,2475000,44000,2000
363,cx_q,62,33000000,31000000,254000,23000,15000
364,270,mitsy,23000000,19000000,3383000,27000,21000
365,ayesebastien,Sebastien,72000000,2000000,3965000,21000,18000
366,karljacobs,Karl,112000000,19000000,4865000,26000,563
367,liltjay,Lil Tjay,52000000,19000000,2919000,39000,14000
368,irenehsuu,Irene,986000,14000000,4017000,13000,39000
369,doctormiguelpadilla,Doctor Miguel,59000000,21000000,3217000,17000,26000
370,jacobday,Jacob Day,56000000,18000000,2966000,44000,1000
371,louflores_,Lou flores,28000000,22000000,2371000,842,47000
372,pakoyaso_,Pakoyaso,128000000,32000000,2826000,12000,2000
373,ellatchella,Tchella,2000000,16000000,3816000,15000,34000
374,nashvibes,NashVibes Art,37000000,44000000,3655000,13000,493
375,566,5661,1034000,19000000,1554000,22000,74000
376,egyptianbeaman,egyptianbeaman,8724000,22000000,805000,17000,142000
377,mattiastanga,Mattia Stanga,27000000,15000000,2134000,14000,74000
378,gorillaz,Gorillaz,23000000,18000000,3409000,28000,17000
379,lonelymoods,N/A,3545000,8155000,214000,54000,106000
380,rayanfahmi,Rayoon,37000000,29000000,2359000,28000,12000
381,melmaia,Mel Maia ðŸ,118000000,35000000,4739000,988,662
382,vietduongg_,Viet,1612000,12000000,1297000,127000,48000
383,98,LEENðŸŒ,38000000,29000000,1901000,27000,23000
384,jubiandxian,jubiandxian,57000000,25000000,3962000,18000,934
385,adrianbliss,Adrian Bliss,73000000,23000000,4133000,11000,17000
386,dxddy_desi,Desiree Montoyaâï,29000000,19000000,2508000,49000,764
387,frankielapenna,Frankie LaPenna,48000000,27000000,2952000,14000,2000
388,1369,XXXTENTACION,37000000,28000000,3351000,1000,18000
389,97,Tik Toker,13000000,23000000,1883000,22000,41000
390,katiessigmond,katie sigmond,69000000,29000000,340000,11000,16000
391,nnatalieaguilar,natalie  the aguilars,49000000,34000000,5588000,568,825
392,elchimbatv,EL CHIMBA,33000000,3000000,2852000,773,24000
393,deiveleonardooficial,Deive Leonardo,61000000,13000000,1393000,370,142000
394,vitoou,vitoâ_â,524000,1000000,1793000,33000,109000
395,twice_tiktok_official,TWICE,179000000,13000000,3255000,37000,25000
396,0,Christilukasiak,23000000,23000000,3693000,18000,12000
397,katiavlogss,KATIAVLOGSðŸ,145000000,34000000,2744000,26000,294
398,1203,Nguyán Ngác NhÆ ÃðŸ,6902000,26000000,2398000,4000,205
399,jidion,JiDion,42000000,19000000,4125000,2000,13000
400,lifeofsal,Sal,6143000,24000000,1662000,12000,54000
401,nikkietutorials,nikkietutorials,62000000,32000000,498000,11000,538
402,83,1983,1727000,23000000,915000,11000,111000
403,erictro,Eric Tro,45000000,56000000,5474000,507,330
404,virginiafonseca,Virginia,341000000,3000000,4109000,12000,961
405,paigetaylors,Paige Taylor,45000000,26000000,3933000,19000,546
406,thecoreyb,Corey B,88000000,15000000,1942000,755,83000
407,carolcastromx,Carol Castro,127000000,34000000,450000,13000,379
408,ianlucasok,Ian Lucas,45000000,24000000,2629000,33000,830
409,voronina_valeria_,Valeria Voronina,23000000,37000000,4604000,11000,334
410,pacodemiguel,Paco De Miguel,68000000,15000000,2296000,19000,54000
411,joshrichards,Josh Richards,256000000,27000000,354000,19000,737
412,1437,s áœ Ê á s á á,11000000,18000000,1885000,463,7000
413,305,ãããƒ ãƒãƒƒãƒˆããããŸ,12000000,17000000,2256000,47000,19000
414,ayutingting,Ayu Ting Ting,72000000,29000000,2392000,15000,21000
415,yahayraosorio,Yahayra Osorio,3726000,22000000,677000,11000,157000
416,42,ðððƒð,795000,18000000,314000,2000,24000
417,49,ØØÙˆ ØØÙŠØ,6614000,21000000,1694000,31000,39000
418,theestallion,Megan Thee Stallion,122000000,21000000,2772000,23000,2000
419,musdalifahbasrii,Musdalifah Basri,13000000,22000000,1902000,34000,26000
420,haileybieber,Hailey Bieber,98000000,35000000,3426000,12000,845
421,dialaaljazairi,dialaaljazairi,1987000,4000000,1132000,31000,24000
422,chihuahuapeaches,Peaches The Chi,2952000,15000000,2967000,2000,36000
423,brunocampos,Bruno Campos,52000000,54000000,3606000,626,619
424,isaachpkaraokebackup,Isaac HP Karaoke Backup,16000000,13000000,2656000,32000,38000
425,rafaelsantos,Rafael Santos,185000000,25000000,3982000,18000,645
426,702,Suzy,7313000,22000000,3967000,288,25000
427,2,Gemelas Abello,179000000,5000000,3762000,478,813
428,douhalaribiii,Douha laribii,77000000,41000000,2404000,16000,823
429,itzyofficial,ITZY,97000000,17000000,3146000,3000,16000
430,1,rylee,8035000,37000000,2815000,2000,302
431,murphslife,Aaron Murphy,57000000,18000000,2795000,28000,21000
432,2,tai_tl,8323000,19000000,3169000,16000,25000
433,vibinwittay,Tay,41000000,15000000,2959000,12000,44000
434,leleburnier,LELÃŠ BURNIER,24000000,16000000,3876000,29000,910
435,99,ØÙŠØ ØÙØÙØÙŠðŸðŸ,15000000,32000000,162000,13000,32000
436,maddzak,Maddzak,49000000,33000000,191000,35000,227
437,nianaguerrero,Niana Guerrero,332000000,31000000,3585000,15000,684
438,cardncyn,Carddd,38000000,39000000,5419000,801,318
439,4,Soy_marcela,45000000,21000000,3366000,710,26000
440,crlimit,YT CR Limit,404000,28000000,1898000,24000,19000
441,logfive,Logan,25000000,21000000,3135000,12000,23000
442,34556,65886,676000,22000000,1491000,71000,122
443,hesfinatia,PINATðŸ IG hesfinatia,89000000,46000000,434000,772,377
444,samdabaddest,Samaria,3124000,15000000,3698000,836,33000
445,palmertrolls,Ben Palmer,34000000,2000000,3278000,884,27000
446,benorsini,Ben Orsini ðŸ,5438000,22000000,2933000,28000,718
447,vzelivx,vzelivx,7313000,21000000,2712000,26000,13000
448,cassylegaspi,CASSY LEGASPI,58000000,37000000,3697000,1000,590
449,kwoowk,KWOOWK,26000000,2000000,2682000,2000,22000
450,abbieherbert,AbbieHerbert,138000000,37000000,4007000,917,581
451,lyricoo__,ÊŸÊÊÉªááá,12000000,13000000,1657000,17000,86000
452,mateus_hwang,Mateus Hwang,19000000,19000000,1368000,58000,26000
453,bswagggy,shaggy,168000,12000000,2946000,13000,51000
454,talalionaire,ØÙØÙÙŠÙˆÙÙŠØ,9056000,29000000,1951000,2000,18000
455,bigweirdworld,bigweirdworld,15000000,11000000,3042000,2000,45000
456,yurielkysojeda,Yurielkys Ojeda ðŸ,148000000,22000000,2773000,13000,23000
457,cemresolmaz,cemre solmaz,104000000,2000000,137000,62000,17000
458,mrwhosetheboss,Arun Maini,15000000,38000000,4475000,964,300
459,kjsmoothh,Kjsmoothh,25000000,18000000,2544000,29000,18000
460,juaniquilador,JuanSGuarnizo,105000000,2000000,3649000,18000,11000
461,itsmenicksmithy,Nick Smithyman ðŸ,79000000,22000000,3055000,17000,14000
462,124,ØØÙØ ØÙŠÙ,17000000,26000000,2239000,16000,2000
463,colewherld,colegonzales,53000000,29000000,2771000,977,16000
464,72000000,La beba,3413000,2000000,2832000,12000,24000
465,ksi,KSI,98000000,25000000,1786000,44000,178
466,alexojeda,Alex Ojeda ðŸðŸ,81000000,26000000,2726000,802,22000
467,3,Jeipy,82000000,17000000,3544000,23000,11000
468,louuuyoung,louuuyoung,7097000,8729000,1379000,44000,126000
469,arafatbuffon,ðŸðŸŒØØÙØØª ØÙˆÙÙˆÙðŸŒðŸ,14000000,43000000,2467000,460,15000
470,reem_alsawas,ØÙŠÙ ØÙØÙˆØØ,19000000,39000000,1623000,11000,21000
471,2,Ahmed Ksontini,6433000,21000000,77000,0,126000
472,14,Mostafa Ashraf,17000000,28000000,268000,12000,15000
473,arigameplays,AriGameplays,232000000,28000000,3207000,14000,867
474,bela,Bela,88000000,27000000,3907000,936,982
475,senaitalo,italosenaoficial,26000000,21000000,1988000,15000,33000
476,kozuehayashii,Kozue,7000000,26000000,4662000,370,13000
477,elrodcontreras,RODðŸ ,416000000,2000000,2545000,35000,413
478,kwechi_,Kwes,3779000,16000000,2833000,15000,28000
479,5,ððƒð ðððð ðŽððð,14000000,24000000,199000,410,37000
480,druskitv,DRUSKI,37000000,13000000,241000,13000,49000
481,dearra,Deâarra Taylor,37000000,25000000,4584000,792,923
482,briggi_bozzo,Briggitte Bozzo,239000000,52000000,3619000,787,245
483,flavinhalouise,Flavinhalouise,122000000,32000000,1677000,709,28000
484,7000,Pailita,12000000,16000000,2574000,27000,21000
485,itskingchris,KingChristian,172000000,16000000,2997000,28000,13000
486,mikaylanogueira,Mikayla Nogueira,135000000,22000000,3203000,23000,411
487,1,Mark Phillips,31000000,1000000,2276000,12000,67000
488,charlieputh,Charlie Puth,19000000,2000000,3248000,19000,937
489,bikedasher,BikeDasher,43000000,25000000,398000,15000,407
490,26,JonataðŸ,59000000,19000000,3196000,646,25000
491,devincaherly,Devin Caherly,85000000,4000000,4449000,894,147
492,basementgang,Basement Gang,57000000,14000000,296000,15000,29000
493,soysaucer,fivar,1000000,2000000,2728000,790,27000
494,abozizo,ÛâÛ ØØØÙØ ØØÙˆ ØÙŠØÙˆ ÛâÛ,47000000,37000000,2253000,723,15000
495,spriteder_spd,Prite Netijen Netirattanapaiboon,41000000,36000000,4349000,845,334
496,ugolord,âšï The TikTok Attorney âšï,63000000,19000000,186000,49000,369
497,iamkailan,KAILAN ðŸšðŸ,39000000,24000000,2199000,13000,22000
498,lorengray,Loren Gray,546000000,31000000,3587000,879,761
499,daniuniverse,Dani Universe,97000000,31000000,322000,956,867
500,ser_jay,Hello Itâs me SerJay,53000000,14000000,2262000,25000,35000
501,alexwaarren,Alex warren,155000000,24000000,4198000,992,809
502,lkzinhu,LK,172000000,26000000,3065000,998,13000
503,joaoferdnan,JoÃo Ferdnan,81000000,17000000,1735000,21000,4000
504,taossenpai,taos senpai,6357000,12000000,2196000,14000,53000
505,isaachp,Isaac HP,31000000,14000000,2172000,35000,23000
506,3,Not me,2462000,2000000,1963000,43000,237
507,jordanavucetic,jordanavucetic,28000000,11000000,2242000,52000,21000
508,carlevellyn,Carla Evellyn,17000000,2000000,3496000,2000,572
509,chinguamiga,Chingu Amiga,201000000,25000000,4694000,11000,377
510,elpugaa,Puga,99000000,2000000,2209000,341,37000
511,reymbayang,Rey,34000000,13000000,253000,2000,34000
512,tommyunold,Tommy,113000000,23000000,3178000,22000,172
513,adamw,Adam W,169000000,24000000,2663000,915,18000
514,annapaull,Anna Paul,52000000,24000000,4247000,13000,375
515,djadelilyes,Ilyes Djadel,390000,21000000,3118000,11000,16000
516,kronnozomberoficial,KronnoZomber,7282000,14000000,2891000,21000,23000
517,outtpig,OuttPig,21000000,15000000,341000,16000,17000
518,rosssmith,Ross Smith,229000000,15000000,1561000,927,63000
519,glencachysaraofficial,glenca chysara,81000000,45000000,2123000,13000,522
520,pumatheweirdo,Cat Puma,24000000,15000000,183000,722,55000
521,twinsjne,Twinsjne ðŸ,11000000,24000000,4869000,783,665
522,andcarli,Andcarli,117000000,63000000,2122000,684,578
523,mclivinho,Mc Livinho,4000000,22000000,3122000,14000,1000
524,mrmilothechonk,Erika and Milo,21000000,15000000,3136000,13000,22000
525,kimmigneault,Kim Migneault,71000000,31000000,3587000,539,971
526,unnecessaryinventions,Unnecessary Inventions,53000000,24000000,3779000,14000,451
527,hunterprosper,Hunter Prosper,51000000,17000000,3208000,1000,21000
528,bulochkapelmen,BULOCHKAðŸðŸðŸºðŸ,3000000,29000000,1848000,19000,12000
529,louka__m,Louka,25000000,19000000,3543000,12000,14000
530,folzaa,folza,12000000,11000000,1923000,18000,6000
531,iloveyourmomscatt,N/A,82000,13000000,1593000,49000,33000
532,austinandlexi,âšïAustin  Lexi ðŸ,4000000,18000000,3326000,11000,17000
533,lehvideira,Lethicia Videira,78000000,9036000,1451000,17000,108000
534,14,Nathalie Holscher,72000000,35000000,2957000,936,647
535,700,ØµØÙØ ØÙØØÙŠØâœ,4174000,2000000,2017000,16000,25000
536,ayanakamachi,äçºç,15000000,3000000,2042000,11000,16000
537,sebasmorenooo,Sebastian Moreno ðŸ,51000000,33000000,2937000,14000,300
538,larrayeeee,LARRAY,263000000,2000000,3512000,2000,364
539,416,tonton G ðŸðŸ,23000000,47000000,2147000,762,847
540,everett,Everett Noble,10000000,19000000,4414000,768,12000
541,mcsilsiloficial,mcsilsiloficial,72000000,16000000,1233000,25000,6000
542,alezhaobukhov,ÐÐÐµÐÐ ÐžÐÑƒÑÐÐ,13000000,26000000,3092000,11000,851
543,dermdoctor,DermDoctor  Dr Shah,166000000,35000000,2486000,1000,826
544,abbycasselberry,Abby Casselberry,19000000,18000000,3483000,1000,16000
545,3,ANNA,1000000,17000000,3371000,13000,15000
546,fabru_blacutt,Fabru,181000000,22000000,2429000,24000,562
547,songsforlittles,Ms Rachel,11000000,26000000,1875000,16000,17000
548,marktilbury,Mark Tilbury  YouTuber  CEO,72000000,23000000,2245000,620,24000
549,georainbolt,georainbolt,12000000,15000000,2471000,2000,23000
550,navacarlosss,Carlos Navarro ðŸ,1313000,17000000,988000,353,89000
551,lagranjadelborrego,La granja del borrego,111000000,3000000,3499000,919,581
552,morimura,MoriMuraðŸ,84000000,15000000,3154000,15000,18000
553,2,2002,174000,3000000,1759000,16000,13000
554,eltonjohn,Elton John,21000000,28000000,668000,2000,62000
555,conormaynard,Conor Maynard,68000000,17000000,1604000,25000,31000
556,duncanyounot,Duncan Joseph,43000000,14000000,3665000,13000,17000
557,jrizzyjeremy,jrizzyjeremy,691000,31000000,2252000,768,14000
558,99,Ahmad Mahroom,13000000,33000000,1435000,923,23000
559,avascreams,ava,705000,12000000,3726000,28000,639
560,erijasjas,Jasel,5979000,18000000,3855000,685,15000
561,artistliilz_,Liilz ðŸš,3426000,16000000,240000,29000,973
562,99000000,99,7203000,16000000,1435000,188,63000
563,cauamacedo,CauÃ Macedo,114000000,16000000,231000,29000,11000
564,sabrenorris,Sabre Norris,36000000,18000000,1869000,41000,329
565,youshi_maru,ããããã,836000,19000000,1452000,11000,44000
566,5,ðŸÙØÙˆØÙ ÙÙØØØªÙÙŠðŸðŸ,3000000,3000000,1126000,14000,29000
567,deandreee,DeAndre,19000000,19000000,3151000,826,16000
568,werenotreallystrangers,WNRS,44000000,17000000,3295000,15000,12000
569,poki,pokimane,63000000,23000000,2348000,21000,667
570,0,Zborovska,11000000,19000000,2889000,14000,13000
571,7,7,45000000,22000000,1627000,16000,25000
572,roportajadam,Mahsun Karaca,11000000,21000000,1254000,411,51000
573,nadirdearabier,Nadirdearabier,11000000,21000000,1851000,3000,694
574,aydenmekus,AYDEN MEKUS,115000000,21000000,2047000,29000,491
575,thegnshow,The Graham Norton Show,17000000,29000000,2878000,421,13000
576,ladydianka,LADY BUNNYðŸ,91000000,15000000,1899000,34000,16000
577,skuratof,Anton Skuratov,6232000,18000000,1513000,793,44000
578,saray____,Saray,679000,14000000,856000,27000,94000
579,kieramlitchfield,Kieram Litchfield,22000000,14000000,1908000,26000,28000
580,laurence_benson,Laurence Benson,21000000,29000000,293000,14000,240
581,mohamedheshamofficial,ÙØÙØ ÙØØÙ,5635000,15000000,437000,380,211000
582,jaywheeler,Jay Wheeler,54000000,16000000,2498000,856,27000
583,itsmatheuscosta,Matheus Costa,5000000,14000000,2058000,2000,28000
584,soanhvadiephihi,Soanh x Diáp,31000000,31000000,3284000,864,533
585,roadrunnerpete,1000,722000,9264000,1516000,2000,8000
586,danivallem,Dani Valle,48000000,12000000,863000,963,124000
587,1117,ãããƒ ãƒãƒƒãƒˆã ããããŒ,11000000,15000000,1658000,47000,993
588,jasonderulo,Jason Derulo,53000000,68000000,1869000,887,194
589,bilalfadilii,Bilal Fadili,13000000,16000000,1905000,2000,26000
590,1984,Giuseppe Mandrake Ninno,13000000,14000000,1703000,891,49000
591,kerri_okie,Kerri,31000000,11000000,1373000,48000,43000
592,championsleague,Champions League,16000000,23000000,2935000,823,12000
593,14,j âï,5603000,16000000,4328000,14000,610
594,1,Sally Alawady,41000000,34000000,1878000,17000,446
595,felipenpv,Felipe Paiva,35000000,17000000,2596000,18000,13000
596,neitorexe,Neitor,29000000,2000000,3078000,16000,709
597,camilo,Camilo,288000000,24000000,2759000,567,15000
598,thelondoncharles,London Charles,6000000,17000000,3749000,14000,751
599,keemokazi,KEEMOKAZI,301000000,28000000,3519000,11000,258
600,frantastiktok,Fran Carneros,15000000,21000000,4584000,587,807
601,elissadeheart,Elissa DeHeart,23000000,2000000,2924000,974,13000
602,soulzang,ÙØØÙ,2935000,7966000,2183000,2000,57000
603,sweeettails,SweeetTails,28000000,14000000,1644000,828,5000
604,kane,kane,32000000,18000000,2218000,13000,2000
605,0,ðŸš âœDream lifeâœ,5692000,12000000,1341000,53000,27000
606,omahitiktok,OMAHI,147000000,35000000,3919000,777,188
607,tsezy,Tommy,48000000,2000000,2535000,19000,735
608,1,Albertina Sacaca Cal,65000000,26000000,2417000,16000,505
609,brilionaire,model kentangðŸŸ,44000000,22000000,2294000,612,2000
610,wigofellas,wigofellas,344000000,26000000,1589000,19000,12000
611,0,video,97000,17000000,756000,15000,87000
612,christianfabiannn,Christian Fabian,134000000,22000000,3119000,18000,130
613,gzfoodqood,Foodqood by Giallozafferano,185000000,43000000,2133000,412,1000
614,thephysicshouse,The Physics House,5924000,18000000,3077000,19000,507
615,benedictpolizzi,benedict polizzi,2000000,36000000,3602000,230,775
616,main_and_aseel,Main  Aseel,13000000,3000000,1781000,14000,11000
617,ahmedhelmy,Ahmed Helmy,7000000,26000000,1844000,952,18000
618,analisseworld,Analisseworld,104000000,19000000,3586000,652,13000
619,zoecolletti,Zoe Colletti,22000000,18000000,2097000,3000,429
620,4554,kassandra ðŸª,978000,1000000,2804000,18000,27000
621,kenchanachaisit,Ken Chanachai,4058000,2000000,1846000,14000,21000
622,sidaivan,sdvn,898000,23000000,1499000,22000,15000
623,mrcaqui,Facundo Izquierdo,68000000,978000,2645000,833,41000
624,rubxnillo,Rubenillo,5081000,38000000,279000,282,925
625,515,ãããƒ ãƒãƒƒãƒˆãããã,19000000,12000000,1764000,43000,17000
626,brentfordfc,Brentford FC,12000000,19000000,2523000,16000,11000
627,dede_harlan_,Dede Harlan,2956000,9577000,2281000,19000,38000
628,1128,ããŠããƒ,6473000,23000000,1623000,25000,787
629,hannahkelekacook,Hannah  Regal,33000000,17000000,2318000,27000,444
630,19,1692838440296,9952000,11000000,1623000,44000,25000
631,dixiedamelio,dixie,574000000,24000000,2205000,19000,424
632,somi_official_,JEON SOMI,7000000,15000000,3296000,2000,496
633,leanbeefpatty,Patty,58000000,18000000,2777000,15000,1000
634,88,ÐÐÐºÐ  ÐÐµÐÑ,3106000,19000000,488000,208,129000
635,jakekrantz,Jake Krantz,22000000,13000000,2619000,701,3000
636,momonatamada,Momona Tamada,44000000,17000000,3593000,18000,279
637,46,46,13000000,15000000,2047000,11000,3000
638,surthycooks,Surthany hejeij,95000000,25000000,2736000,14000,353
639,sofiaespanha,sofia espanha,46000000,19000000,2848000,13000,996
640,1,Waspycraft,1944000,23000000,1886000,922,19000
641,michou_yt,Michou,74000000,24000000,2667000,15000,341
642,rachsullivan__,Rach Sullivan,15000000,2000000,3702000,739,927
643,piperrockelle,âïPiper Rockelleâ ï,104000000,19000000,1584000,36000,543
644,elmercanchi,Que chimba sog,18000000,19000000,1382000,691,39000
645,danielzencon,Daniel Zenteno Const,366000,12000000,1743000,11000,46000
646,dennysumargoreal,DENNY SUMARGO,33000000,35000000,1872000,14000,386
647,jakeandrich,Jake Andrich  Jakipz,146000000,21000000,1642000,16000,19000
648,andreluizframbach,AndrÃ Luiz Frambach,14000000,36000000,2162000,285,13000
649,6666,666,2857000,9245000,1533000,422,79000
650,skaijackson,Skai Jackson ðŸ,201000000,21000000,4415000,899,372
651,nickrowedder,Nicoly Amanda Rowedder,4577000,1000000,2643000,17000,27000
652,esneni,Stefano Da Cunha,44000000,14000000,2831000,25000,477
653,bellafoodie,Julie  Bella,42000000,24000000,3137000,474,11000
654,guywithamoviecamera,reece,9815000,14000000,329000,11000,14000
655,chocopla_osada,ãƒãƒããƒãƒãƒˆãƒãƒãƒãƒƒãƒˆéçãªãµãƒ,6884000,23000000,1079000,977,38000
656,jaydafnwayda,JAYDA WAYDA,37000000,16000000,2307000,1000,22000
657,1996,1996,14000000,17000000,1906000,21000,14000
658,luara,Luara,226000000,27000000,1859000,19000,403
659,cesarpantojan,Cesar Pantoja,14000000,22000000,3471000,12000,283
660,islasvlogs_,Islas Vlogs,24000000,29000000,3137000,842,416
661,postmalone,Post Malone,128000000,19000000,176000,14000,2000
662,ana_eusse,Ana Maria,133000000,3000000,3922000,825,141
663,98,Jerome Polin,47000000,15000000,2311000,24000,924
664,goodboyollie,Good Boy Ollie,42000000,9976000,2503000,14000,32000
665,huntersolo,Hunter,24000000,26000000,3994000,709,383
666,frigerrr,Friger,8286000,13000000,3279000,11000,15000
667,93,Trung Ruái,21000000,37000000,1126000,639,21000
668,riyukabunga,RiyukaBunga,29000000,19000000,1324000,23000,23000
669,nildachiaraviglio,NildaChiaraviglio,1000000,15000000,789000,478,94000
670,dina_kalanta,Dina_Kalanta,25000000,31000000,2432000,12000,341
671,foodtimecali,Juan C  RECETAS FOODTIME,45000000,15000000,1201000,250,6000
672,magalligjimenez,AvaSkyeStrong,952000,28000000,1369000,23000,717
673,braceletsbyk_,kp crafts sf,2741000,17000000,2261000,11000,18000
674,manja_faiez,Manja,11000000,23000000,1427000,11000,23000
675,firmanskd,ððŠððð,28000000,14000000,1445000,397,51000
676,joebartolozzi,Joe Bartolozzi,198000000,18000000,2933000,18000,379
677,itsniane,niane,17000000,11000000,1289000,2000,59000
678,melonnfinn,Melon and Finn,15000000,1000000,2139000,19000,33000
679,khairulaming,Khairulaming,2000000,17000000,2485000,12000,14000
680,dudamaryah,dudamaryah,59000000,2000000,2846000,701,13000
681,andresgjohnson,256,41000000,11000000,1864000,935,45000
682,luongthingocha,NgÃn HÃ ðŸŒ,6000000,24000000,2861000,14000,226
683,gergomezzz,Ger Gomez,17000000,11000000,2103000,13000,33000
684,2,Emang Dilan namanya,26000000,19000000,2285000,19000,603
685,raulbazanm,RAUL,57000000,22000000,184000,964,18000
686,tabithaswatosh,Tabs,125000000,23000000,3622000,11000,203
687,iniganta,Ganta,9868000,13000000,1607000,33000,19000
688,herranwalt,Herr Anwalt,57000000,14000000,1777000,26000,18000
689,kreebinnear,Bree Kinnear,584000,18000000,3071000,819,12000
690,iamgeraldhuston,Gerald Huston,17000000,15000000,2614000,13000,16000
691,10,ðŸÙØÙŠ ØÙØØÙðŸ,11000000,28000000,1905000,760,13000
692,madisonbeer,Madison Beer,179000000,12000000,2244000,27000,13000
693,anddy_,ANDDY ðŸºðŸŒ,11000000,9371000,1419000,73000,792
694,meqs,Minecraft,27000000,31000000,136000,11000,15000
695,charlotteless,charlotte,12000000,24000000,2262000,544,15000
696,cristobalsoria,CristÃbal Soria,7204000,11000000,1114000,38000,49000
697,hisoyvaleria,valeria ðŸ,85000000,14000000,189000,1000,3000
698,bennyvelour,Benny Velour,3266000,7865000,1844000,25000,49000
699,carlosferiag,Carlos Feria,401000000,25000000,2037000,19000,163
700,pkcreedon,514,2004000,14000000,2354000,14000,18000
701,loganlisle,Logan Lisle,18000000,17000000,782000,315,78000
702,1296,SunNy Jutt,22000000,2000000,2045000,14000,12000
703,mealsbymitch,Mitch ðŸ,1000000,17000000,954000,951,54000
704,patinscascavel,Vanessa Patins,35000000,8783000,624000,295,188000
705,son_dan,TrÆáng SÆn,14000000,37000000,1851000,670,841
706,zane,zane,64000000,2000000,3238000,775,863
707,didiwinx,Didi,52000000,2000000,2897000,13000,575
708,rankali,ØÙÙƒ  Rnk,5715000,31000000,1444000,17000,630
709,farhakhalidi,Farha Khalidi,17000000,22000000,2026000,14000,880
710,oli_natu,Oli Natu,101000000,22000000,3053000,749,777
711,fedez,fedez,58000000,13000000,229000,14000,2000
712,wei__official,ìœììWEi,14000000,9595000,2296000,28000,19000
713,xuxameneghel,Xuxa,6845000,23000000,1772000,18000,716
714,jzgarcia,Jz Garcia,18000000,9692000,2339000,1000,35000
715,1,BLK,4705000,16000000,2372000,11000,16000
716,kodasteven,StevenðŸµðŸ,6000000,15000000,3301000,13000,785
717,sampepper,Sam Pepper,42000000,31000000,227000,799,642
718,tifannylm,âšïTEF,87000000,28000000,3556000,816,222
719,9,9,21000000,25000000,96000,27000,17000
720,carrydisini,Carry Disini,33000000,31000000,2741000,518,694
721,lockedinout,Lockedinout,51000000,16000000,2104000,883,21000
722,pipepunk,Pipepunk,15000000,9514000,2352000,962,35000
723,rapaellcug,jaeja,8687000,9231000,1946000,24000,32000
724,michaeloftiktok,michaeloftiktok,1000000,14000000,186000,14000,25000
725,mrnigelng,Nigel Ng Uncle Roger,53000000,21000000,2512000,621,13000
726,6,6,9527000,16000000,2572000,18000,588
727,haijoel,Haijoel,7363000,4000000,1922000,11000,231
728,esnyrrr,Esnyr,54000000,16000000,2896000,778,14000
729,0,Ava Soto ,2224000,12000000,170000,39000,946
730,morganveraa,Morgan Vera,57000000,2000000,238000,1000,11000
731,laurahfritz,laura  lena,27000000,13000000,2541000,11000,19000
732,jdiasss_,JoÃo Dias,78000000,13000000,2654000,18000,12000
733,greatekyroga,u can call me sasha,11000000,11000000,3203000,19000,1000
734,jomaryee,Jomar Yee,9000000,23000000,2267000,13000,626
735,kikakiim,Kika Kim,317000000,19000000,220000,17000,646
736,pepperonimuffin,Kirsten Titus,79000000,22000000,4335000,809,225
737,shayvise,Shayvise,36000000,21000000,4128000,774,361
738,thejoeyswoll,Joey Swoll,53000000,17000000,2408000,22000,322
739,16,Kiáu Duy Long ðŸ,24000000,25000000,2439000,14000,220
740,111,ØØØØ ØÙÙØÙ,15000000,2000000,712000,11000,6000
741,bobbialthoff,Bobbi,35000000,29000000,2074000,477,11000
742,josefineholum,JosefineðŸðŸââšï,11000000,15000000,2213000,14000,15000
743,lyodrabeneran,Lyodra Ginting,16000000,22000000,1725000,14000,11000
744,armando_netto,Armando Netto,48000000,21000000,2261000,19000,225
745,rachaeloneil,Rachael ONeil,1000000,2000000,144000,16000,18000
746,andremastijan,andre,7867000,12000000,1115000,876,62000
747,pamibabyy,pami â,72000000,17000000,2889000,679,13000
748,xawado,ØÙˆØØÙˆ  awado  ðŸŽ,12000000,17000000,1375000,19000,23000
749,annafontanela,Anna Fontanela,39000000,21000000,3134000,12000,292
750,aragonclyrics,aragonclyrics,14000000,13000000,944000,96,77000
751,jadepicon,JADE PICON ðŸŒª,88000000,2000000,3111000,967,567
752,simpforatispaul,Mikaela Testa,27000000,21000000,3551000,853,423
753,legendasmania,Legendas Mania,7679000,11000000,1351000,231,62000
754,philiptanasas,philiptanasas,93000000,22000000,2529000,11000,610
755,zainahmb,Zainah  Minnie,12000000,1000000,2081000,11000,32000
756,ffrangomez,Fran GÃmez,15000000,14000000,2534000,349,23000
757,sibenitoo,SiBenitoo,56000000,25000000,1857000,15000,598
758,benazelart,Ben Azelart,157000000,26000000,2216000,12000,452
759,lgndfrvr,LGNDFRVR,17000000,16000000,2005000,11000,18000
760,worldofxtra,Stan Fukase,8062000,9436000,2906000,14000,2000
761,77,ØÙˆÙ,4195000,18000000,1191000,27000,18000
762,16,êëìŒ,4007000,14000000,2735000,12000,13000
763,kelvinsabinoof,KelvinSabinoðŸŒµ,15000000,1000000,1568000,27000,32000
764,bradleythor,Thoren Bradley,57000000,13000000,1424000,18000,32000
765,anxietycouple,Anxiety couple,122000000,24000000,271000,893,526
766,alostrich,Matt Mitchell,1000000,11000000,1343000,1000,51000
767,goharsguide,Gohar Khan,21000000,2000000,306000,724,779
768,viliacarl,Vilia Carl,41000000,28000000,2431000,881,470
769,riaricis,Ria Ricis,286000000,23000000,2427000,764,878
770,0,Kouvr,136000000,27000000,4225000,562,240
771,jorgitoparrillero,Jorgito Parrillero,14000000,15000000,995000,333,6000
772,0,é â ð ðŽ ð ðŽ,4805000,15000000,2299000,15000,11000
773,homemdehonra,Homem De Honra,793000,9443000,377000,710,25000
774,claragnds,Maria Clara Garcia,186000000,19000000,1918000,18000,648
775,jakepaul,Jake Paul,167000000,15000000,1564000,23000,16000
776,albert_cancook,albert_cancook,81000000,24000000,2652000,829,624
777,soapinmymouthoncemore,tedwards,51000,9433000,1896000,19000,31000
778,10,CiroWhites,23000000,17000000,3017000,908,895
779,theshabakitchen,The Shaba Kitchen,21000000,13000000,1141000,18000,43000
780,rubiaramallho,Rubia Ramallho,27000000,21000000,1564000,613,21000
781,bessan_esmail,ØÙŠØØÙ ØØÙØØÙŠÙ  Bessan Ismail,113000000,21000000,1605000,14000,13000
782,ypkraye,ypkraye,4000000,18000000,3325000,890,642
783,edlyninbatangas,Boss Edlyn,925000,23000000,175000,558,17000
784,armandogreiser,Armando Greiser,524000,6214000,1125000,13000,114000
785,internetelise,elise,5229000,9269000,2065000,597,4000
786,ikercasillas,Iker Casillas,27000000,16000000,1918000,21000,783
787,rizwanfadilahas,Njan ðŸˆ,16000000,1000000,2052000,22000,21000
788,bigdaddydmurph,Big Daddy Little Laur,13000000,19000000,1251000,14000,24000
789,318,æçãˆãã,49000000,26000000,164000,13000,751
790,coleandersonj,Cole Anderson James,18000000,14000000,2621000,11000,12000
791,85,1,551000,44000000,2161000,680,244
792,2,Luis Felix,3954000,23000000,995000,11000,28000
793,davidgetial,deivis,148000000,19000000,3225000,11000,291
794,jezzzini,JEZZINI,25000000,8564000,239000,11000,32000
795,sherinicolee,sheri,143000000,28000000,2632000,11000,103
796,fujiiian,Fuji,163000000,22000000,2216000,11000,681
797,anardreams,ANAR DREAMS ðŸŽðŸ,159000000,3000000,1311000,19000,376
798,1,ðŸðŸŒØÙÙÙŠØµØðŸŒðŸ,121000000,19000000,1821000,690,18000
799,joslum,JosÃ L,134000000,23000000,3649000,779,252
800,erabii,Mohanaderabii,14000000,21000000,1328000,14000,17000
801,ycnbenz,ðŸðððððððŸ,1321000,13000000,44000,849,148000
802,conradovillagra,ááÉÊá,109000000,32000000,2604000,864,167
803,haniaheheofficiall,Hania Aamir,13000000,2000000,1909000,18000,432
804,julesleblanc,jules,188000000,22000000,3225000,952,270
805,real_animasinopal,Animasinopal,18000000,29000000,2777000,451,619
806,vivinovikaa,ViviðŸ,9991000,16000000,1979000,17000,945
807,erikatitus,Erika,33000000,16000000,3297000,11000,525
808,_amanndaraujo,Amanda AraÃºjo,43000000,35000000,1726000,997,400
809,2000,Kiát HÃ  Tánh,46000000,29000000,2165000,11000,268
810,madelineargy,madz,23000000,15000000,3377000,11000,581
811,228,Melon nÃ ,19000000,24000000,1856000,1000,868
812,joelsvnny,Joel Sunny,14000000,11000000,2083000,23000,13000
813,theandrewschulz,Andrew Schulz,41000000,14000000,1929000,613,26000
814,littlebubbychild,Little Bubby Child,3562000,8535000,655000,15000,134000
815,jeonifty,ðŸ,250000,8004000,2357000,12000,32000
816,annaxsitar,anna x,12000000,26000000,3728000,417,442
817,agustinlocutor,agustinlocutor,18000000,16000000,100000,986,42000
818,meosimmyyt,MÃo Simmy,46000000,11000000,1371000,47000,626
819,bryceheemjames,BryceðŸˆ,8346000,14000000,2376000,18000,688
820,4,Kennedy Walsh,26000000,16000000,3126000,934,765
821,losariasbrothers,Los Arias,16000000,16000000,2414000,476,16000
822,stainedhands,Devyn,16000000,16000000,3353000,359,12000
823,romanlolo,Roman,26000000,19000000,1704000,2000,579
824,slayeas,LÃa Martinez,39000000,18000000,2397000,837,11000
825,mo_vlogs,movlogs,33000000,49000000,1896000,577,300
826,volvydooya,æŸŠVolvy,13000000,11000000,2331000,12000,2000
827,simoneberlini,SIMONE BERLINI,61000000,16000000,2598000,868,11000
828,aileenchristineee,Aileenchristineee,58000000,14000000,2241000,681,19000
829,funny_vip,funny_vip,95000000,16000000,1965000,476,21000
830,barbaracoura,BÃrbara Coura,95000000,14000000,2957000,1000,922
831,7,ØÙˆØØðŸðŸðŸ,64000000,18000000,1908000,812,15000
832,1,YEÅžÄM,171000000,35000000,1225000,11000,765
833,hjevelyn,Evelyn Ha,28000000,11000000,2459000,24000,661
834,69,William,15000000,9119000,1948000,17000,27000
835,onlyjayus,actuallyitsbella,182000000,16000000,2374000,16000,503
836,nyxlynnx,Nyx,2026000,16000000,1555000,18000,14000
837,dhddecor,Design House Decor,765000,11000000,1411000,574,44000
838,99,ophelia ðŸ,89000000,1000000,1692000,42000,481
839,alzoubinadia,Nadia Alzoubi,55000000,15000000,759000,738,62000
840,1,Emil Warren,8515000,12000000,2113000,26000,617
841,clmnsbrock,CLMNS BROCK,16000000,14000000,1528000,532,33000
842,alxjames,Alx James,22000000,8967000,1528000,899,48000
843,tanamongeaulol,Tana Mongeau,74000000,21000000,2345000,12000,412
844,cassholland,Cass Holland,19000000,19000000,2877000,856,571
845,arfaytb,ARFAYTB,3727000,8941000,1087000,456,76000
846,britneyspears,Britney Spears,71000000,13000000,1078000,35000,23000
847,2,Hunter  Frank,32000000,2000000,2342000,14000,274
848,elalfaeljeferd,ELALFAELJEFERD,13000000,19000000,1986000,639,14000
849,adamsheey,Adam Shi,53000000,12000000,2359000,845,19000
850,maxthemeatguy,Max The Meat Guy,49000000,21000000,2731000,622,720
851,iamauroramusic,AURORA,4000000,16000000,2162000,16000,659
852,haritsuuu,ãƒãƒªãƒðŸŒæµ,19000000,18000000,927000,23000,25000
853,vidhia_r,ðŸVidhi_RðŸ,72000000,11000000,1515000,29000,17000
854,400,ØÙˆÙÙŠðŸš,38000000,15000000,2193000,13000,982
855,gabrielabee,GABI BEE,10000000,12000000,2391000,22000,432
856,fyp,jack neel,86000000,13000000,2454000,19000,535
857,dangthuhaf,Äáºng Thu HÃ ,9805000,25000000,3004000,672,341
858,miguelito_peru,Miguel Alessandro,17000000,18000000,1139000,1000,28000
859,mesitaaa,Mesita,3299000,16000000,3268000,611,886
860,107,107,7525000,12000000,884000,371,67000
861,plethoraklaus,graceâïŽïŽ,682000,7303000,1792000,39000,19000
862,alexandramadison_,Alex and Jon,13000000,9712000,135000,552,52000
863,playboyjuju,Playboyjuju,3583000,17000000,1201000,24000,13000
864,beamngshorts,Beamng Shorts,28000000,29000000,1589000,1000,630
865,susymourizz,Susy MourizðŸŒ,84000000,18000000,2122000,15000,470
866,themerkins,THE MERKINS,6319000,6001000,1509000,14000,68000
867,carloandsarah,carloandsarah,4000000,21000000,2196000,695,924
868,paupelaez_,ÊœáÉááÉªÊá,66000000,12000000,2576000,21000,336
869,okichloeo,chloeo,37000000,14000000,1882000,19000,962
870,mrswahlberg,Jenny McCarthy,19000000,12000000,1478000,32000,986
871,apinyabunying,Apinya Bunying,2156000,15000000,2041000,12000,13000
872,imanthonyvargas,Anthony Vargas,66000000,18000000,2921000,12000,247
873,creatingwonders,Jesse J Pedigo,116000000,7529000,963000,14000,88000
874,nalgaliag,natiðŸ,139000000,16000000,1826000,449,22000
875,zeinazeee,Zeina Zee,38000000,22000000,1856000,820,990
876,notmarkharris,Mark,567000,7543000,1925000,17000,33000
877,boywithuke,boywithuke,58000000,16000000,2423000,16000,306
878,lilyxgarcia,Lily Garcia,123000000,17000000,2485000,972,760
879,rosefriederike,ROSE,39000000,31000000,1239000,974,930
880,kaylamalecc,kayla,83000000,17000000,2773000,14000,128
881,3,Charles Brockman III,6000000,1000000,2351000,21000,1000
882,carloscastroes,Carlos Castro,125000000,16000000,1665000,285,25000
883,37777,ÙØÙ ØÙØØÙŠØØâH,4553000,11000000,176000,58000,319000
884,jfkexplainsjokes,JFK ðŸ,341000,8888000,1816000,34000,11000
885,1996,Ricky  The Boss,43000000,9306000,1095000,784,63000
886,celinaspookyboo,Celina Myers,26000000,16000000,2467000,12000,625
887,yg_treasure_tiktok,yg_treasure_official,44000000,8305000,2169000,22000,18000
888,808,ðŸŒæœðŸŒ,16000000,12000000,1447000,27000,15000
889,danethegreatt,Dane Lindfors,25000000,13000000,1096000,896,43000
890,thedonato,thedonato,81000000,13000000,1528000,35000,92
891,afraees,Afraa,66000000,27000000,1857000,594,860
892,rifirdus,RIFIRDUS,21000000,21000000,1589000,845,13000
893,lilmabuu,Lil Mabu,9581000,2000000,2069000,12000,504
894,1,ØÙ ØØÙˆØ  ÙØØÙˆÙØðŸŒðŸ,9074000,22000000,1501000,907,12000
895,maxtaylorlifts,Max Taylor,89000000,13000000,2312000,12000,12000
896,daddyyankee,daddyyankee,121000000,12000000,1978000,18000,12000
897,7,Heinz Wuth  Ciencia y Cocina,13000000,13000000,1893000,530,25000
898,acdc,ACDC,3942000,11000000,1822000,879,26000
899,subarumotorsportsusa,Subaru Motorsports USA,1999000,1000000,1619000,840,34000
900,in_the_nic_of_time,Nic Suarez,63000000,24000000,2635000,752,362
901,itsmichhh,Michel Chavez,317000000,19000000,2604000,12000,218
902,alwanr__,AlwanRK,69000000,25000000,237000,630,558
903,hieubuiba,BÃi BÃ Hiáºu,23000000,28000000,2606000,796,185
904,221220,ðŸATOMðŸ,28000000,13000000,2418000,14000,821
905,cedriklorenzen,Cedrik Lorenzen,29000000,11000000,1153000,23000,32000
906,aureliehermansyahatta,Aurelie Hermansyah,87000000,21000000,1874000,989,779
907,abopermak,abopermak,73000,23000000,697000,26000,17000
908,therealdrmiami,Dr Miami,18000000,13000000,2706000,681,13000
909,47,Batu FuRkan,206000,13000000,1725000,11000,21000
910,priimoraa,Prii Moraa,161000000,2000000,3455000,293,726
911,dylanhoogerwerf,dylan hoogerwerf,22000000,23000000,2714000,779,318
912,reesewitherspoon,Reese Witherspoon,85000000,15000000,1479000,23000,878
913,olisboa,LISBOA,33000000,16000000,2629000,601,11000
914,altarvision,Rowan,167000,11000000,2681000,11000,12000
915,jakehunterofficial,Jake hunter,36000000,2000000,1278000,24000,353
916,huddy,Huddy,322000000,2000000,1479000,18000,529
917,ikerlafuente,Iker Lafuente ðŸ,1535000,1000000,1625000,29000,11000
918,niallmacmillan,Niall MacMillan,5000000,15000000,1232000,973,27000
919,nhabebap,ðŸŒ NHÃƒ BÃ BáºP ðŸŒ,23000000,25000000,2678000,689,319
920,0,0,1273000,7461000,1198000,824,67000
921,elecherlee,Elecher Lee,1359000,15000000,1383000,27000,632
922,summerhaysbros,The Summerhays Bros,7931000,13000000,1883000,539,22000
923,amxnahali,Aminah,632000,1000000,1782000,23000,14000
924,dudeperfect,Dude Perfect,167000000,23000000,3274000,469,416
925,0,joÃozinho,64000000,11000000,2039000,11000,19000
926,tonystatovci,TONY STATOVCI,24000000,9917000,2245000,889,21000
927,sanjosejules,Julie Anne San Jose,2000000,23000000,2745000,566,486
928,zanfilms,Zan Films,19000000,27000000,987000,12000,13000
929,melchcooks,melchcooks,1216000,16000000,1564000,2000,729
930,sweizayne,Iana McCalebb,17000000,9077000,1644000,19000,25000
931,taetoowavy,taetoowavy,8000000,873000,1713000,19000,24000
932,alcapone,ðŸØØÙŠØ ØÙÙÙØðŸ,759000,863000,345000,629,213000
933,chris,Chris Olsen,81000000,18000000,368000,559,424
934,210,Lance Stewart,223000000,23000000,2184000,535,784
935,mozamir,Amir,21000000,14000000,1759000,18000,869
936,abdullah_eltourky,Eltourky ðŸ,73000000,18000000,2005000,824,968
937,fionntime,FionnTime,26000000,9102000,2103000,14000,2000
938,ngocmatcha,Ngác Matcha ðŸš,41000000,11000000,150000,33000,617
939,posterised,Posterised,55000000,15000000,1997000,715,14000
940,texassbitty,Texassbitty,142000,11000000,1261000,918,37000
941,3,Ethan Klein,19000000,9705000,1366000,3000,19000
942,emrata,Emrata,16000000,2000000,1868000,965,752
943,mahmooud_shaar,ØØÙˆ ØØØ ðŸðŸŽ,15000000,3000000,1002000,941,12000
944,anyaischuk,Anya Ischuk,118000000,19000000,2193000,877,692
945,2,CALL ME LUCAS,12000000,9178000,1726000,16000,24000
946,5272,Thián NhÃn,41000000,29000000,2168000,712,295
947,951,el chuacheneguer,61000000,13000000,495000,525,93000
948,angryreactions,Oneya DâAmelio,266000000,15000000,2571000,13000,376
949,thereallifeguys,The Real Life Guys,474000,23000000,2161000,639,626
950,aspenackley,Sabrina  Andrew,22000000,13000000,1921000,598,19000
951,gutierrezcastro,Gutierrez Castro,142000000,11000000,1479000,894,3000
952,joelbergs,JoelBergs,114000000,19000000,3175000,511,528
953,ragnarlebretonofficiel,Ragnar Le Breton officiel,3834000,15000000,1354000,400,27000
954,cowboyjess,cowboyjess,320000,16000000,3159000,719,509
955,busheadoph,Busheado,143000000,32000000,2099000,709,215
956,ryansunandar,Ujang SGNðŸ,48000000,8732000,857000,54000,29000
957,nathaliavalente,Nathalia,136000000,23000000,2429000,731,375
958,mohaimenalaa,ÙÙÙŠÙÙ ØÙØØ,41000000,12000000,1712000,19000,12000
959,2,Nick Smithyman ðŸŽ,126000000,17000000,2086000,982,806
960,noeldeyzel_bodybuilder,Noel DeyzelðŸðŸ,53000000,14000000,2282000,1000,885
961,_liltam,tamz,4973000,22000000,2816000,370,623
962,makbeh,BEH,861000,26000000,2332000,676,336
963,rajaabelmir,Belmir Rajaa,11000000,14000000,1338000,11000,23000
964,ditanganu,DitaKerangðŸŒŠ,77000000,24000000,2114000,846,363
965,kinosgina,KINOSGINA,17000000,16000000,875000,28000,18000
966,texasbushman,Texas BUSHMAN,21000000,12000000,197000,611,2000
967,notorious_foodie,Notorious Foodie,15000000,17000000,1777000,528,15000
968,10,ðºððððððð âïâðŸ,11000000,1000000,1231000,672,43000
969,2404,ðŸAÄðŸ,1302000,23000000,886000,23000,686
970,papavincedavao,PapaVinceDavao,5999000,8996000,1161000,28000,3000
971,namyulenka,Namy,69000000,15000000,2299000,12000,654
972,bankrolldyl,BankrollDylðŸ,5000000,11000000,2269000,12000,12000
973,interestingthingsz,News For You ðŸŒ,41000000,24000000,186000,991,357
974,psg,psg,301000000,17000000,1776000,14000,576
975,elo_os,Eloisa Os,24000000,16000000,2769000,716,637
976,zenitfc,FC Zenit,4000000,19000000,2215000,1000,378
977,5514,LauraLove,76000000,15000000,2302000,11000,705
978,rbplaying,RB playing,49000000,14000000,1002000,675,36000
979,manutd,Manchester United,171000000,16000000,1887000,15000,519
980,42914,ãããðŸâœãƒããƒãããƒˆ,12000000,13000000,968000,32000,15000
981,chiknnuggit,Chikn Nuggit,47000000,9485000,1469000,32000,11000
982,aidanmrz,Aidan Mirza,11000000,25000000,1578000,991,512
983,100,Shehabeldin,69000000,14000000,141000,16000,14000
984,mrchiquitolina,Nicolino,2692000,8052000,1636000,487,4000
985,nacha_acashore,Michelson,12000000,22000000,2313000,434,743
986,melanypalacioss,MelanyðŸ,52000000,16000000,3525000,909,137
987,354,354,1892000,14000000,1568000,26000,70
988,davidspade,DavidSpade,45000000,11000000,1586000,15000,18000
989,monikakociolek,Monika KocioÅek,28000000,11000000,1704000,25000,614
990,yayisrenteria,Yayis Renteria,3399000,19000000,1336000,382,19000
991,fabirommel,Fabi Rommel,4097000,1000000,1058000,573,49000
992,juanito_pochi,JUANITOðŸðŸš,8272000,21000000,1913000,671,781
993,brandonspam_,Brandon Conner,85000000,15000000,2365000,14000,220
994,macyblackwell,macyblackwell,12000000,11000000,1044000,382,47000
995,calebrownn,Cale Brown,55000000,8346000,1482000,19000,28000
996,brendadialoy,Brenda Dialoy,3719000,12000000,1875000,626,2000
997,jujufitcats,Juju Fitcats,43000000,22000000,2808000,380,558
998,xoteam,XO Team,378000000,25000000,1802000,859,450
999,kimsnwuo,ïï,1009000,9574000,2268000,908,17000
1000,jass_mcg,jass_mcg,522000,5038000,116000,81000,18000
